31,1633114,actor,,
33,2144109,actor,Rebolledo,
33,1584953,actor,Himself,
734,1875412,actor,Tony,
882,1837053,actor,Frank,
1135,1999660,actor,Himself,
1135,2465724,actor,Himself,
1160,1924149,actor,Cataléptico 2,
1160,2065193,actor,Joven realizador,
1185,1999419,actor,,
1188,25376,actor,Himself - Host,
1188,252192,actor,,(1997)
1212,1668381,actor,,
1213,2105773,actor,Luis,(as Josep Abadal)
1213,917466,actor,Domènec Tubau,
1220,2215273,actor,Nazi 2,
1222,1803736,actor,Vagabundo,
1272,2128381,actor,Encargado hotel,
1308,1991219,actor,Dead Pile,
1332,2065634,actor,,
1431,2048169,actor,,
1436,1810959,actor,Guardia Puerta Comandancia 1º,
"1472,618992,actor,""Orso, the desertor"","
1487,1927606,actor,,
1758,1928326,actor,Vincas,
2103,2201194,actor,Saloon Owner,(as Thomas Abbot)
2142,1999252,actor,Lorenzo,
2150,1955970,actor,Radio operator,
2221,1633114,actor,,
2379,2204103,actor,Tuareg #1,
2526,1999393,actor,L.T. Romano,
2526,276978,actor,Taxi Driver,
3031,818380,actor,Boxer,(1992)
3104,1994333,actor,Juez 2,
3108,2089958,actor,Police français,
3135,404007,actor,Germaine Gargallo,
3259,1652406,actor,HG Puch,
3259,1659521,actor,Taxista,
3336,1810505,actor,,
3367,1677784,actor,Pareja Bar,
3371,1627794,actor,,
3371,2048628,actor,,
3371,409009,actor,Magician,(1992-1993)
3371,718348,actor,Hiwaga Sekim,(voice)
3371,731292,actor,,
3442,1999393,actor,Marcel,(as Chris Rooney)
3450,1749114,actor,,
3450,1992335,actor,Contrabandista,
3450,12907,actor,Himself - Host,(1987-1988)
3450,287587,actor,Himself - Host,(1989)
3450,423993,actor,Himself - Host,(1993)
3450,491157,actor,Himself - Host,(1991)
3450,1461200,actor,,
3452,1903650,actor,Co-piloto,
4001,2385622,actor,Le policier salle de contrôle,
4150,1815975,actor,Pablo,
4202,1986339,actor,Osrain,
"4255,1669508,actor,""Carlos, Rai's brother"","
4352,2349614,actor,Small,
4852,1996467,actor,Pescador 2,
4892,1789131,actor,,
4931,1813568,actor,Milan,
4954,2467301,actor,,
4958,1998681,actor,Yuca,(voice)
4958,785790,actor,Yuca,(voice)
5014,1992268,actor,Pedro Abrunhosa,
5156,1901318,actor,Salah,
5175,1901318,actor,Yusef's father,
5417,1986339,actor,,
5424,2421624,actor,,
5445,1816153,actor,Driver,(as Joao Acayabe)
5508,1752243,actor,,
5508,193753,actor,Himself - Host,(2001)
5508,968927,actor,Himself - Colaborador,(1994-1996)
5509,1809997,actor,Voz de Pío Coronado,(uncredited)
5509,1930021,actor,Locutor,
5509,1930025,actor,Locutor,
5509,1930026,actor,Locutor,
5509,1930028,actor,Locutor,
5509,1937346,actor,Locutor,
5509,1987526,actor,Locutor,
5509,1994850,actor,Locutor,
5509,1996522,actor,Locutor,
5509,2003513,actor,,
5509,2184400,actor,Locutor,
5509,2219246,actor,Locutor,
5509,2253113,actor,,(voice)
5509,2273850,actor,Locutor,
5509,409050,actor,Widimer - sustitución,(voice)
5509,721208,actor,Klaus,(voice: Spanish version)
5606,2008482,actor,Suicida a Montecarlo,
5606,726210,actor,Giovanni Canevari,
5662,1812991,actor,,
5662,2244680,actor,,
5663,25943,actor,,
5663,363693,actor,Himself - Narrador,
5679,1903650,actor,Militar 2º base,(as David Acedo)
5682,423870,actor,Himself - Host,
5682,1432202,actor,,
5698,2452764,actor,,
5700,1712360,actor,,
5700,1776747,actor,Policía,
5700,1993269,actor,Guardia II,(as Julio-César Acera)
5700,2040423,actor,Newspaper Director,
5700,2094744,actor,,
5700,2095873,actor,,(uncredited)
5700,2419571,actor,Vigilante 1,
5700,1208089,actor,,
5701,1667044,actor,,
5701,2157462,actor,,
5720,2040824,actor,Policia,
5722,1713355,actor,Adjutant,
5722,2056145,actor,Heavy,
5725,1875367,actor,Calero,
5762,1810283,actor,Augostino,
5803,1810104,actor,,
5826,2269789,actor,Vigilant,
5941,2053625,actor,,
5941,2426107,actor,Grognard,
5992,1812074,actor,Christian,
6003,2387806,actor,Himself,(archive footage)
6028,2204103,actor,Tuareg #2,
6188,2384436,actor,Oscar,
6219,1892099,actor,Policeman 2,(uncredited)
6219,1993630,actor,Comensal,
6422,2268908,actor,Voix du bébé,(voice)
6603,2273702,actor,,(as Roberto Acosta)
6603,1208089,actor,,
6629,1796796,actor,Don José Luzardo,
6637,1810104,actor,,
6649,2045895,actor,Roberto,
6649,2048446,actor,Marine U.S.A.,
6649,2126520,actor,Ingeniero,
6649,2140196,actor,,
6649,809290,actor,,
6691,1810824,actor,Antonio,
6737,2216937,actor,Gutiérrez,
6738,1994333,actor,Cerrajero,
6739,1816153,actor,Tide Announcer,
6739,2381866,actor,,
6817,1845203,actor,Lobo III,
6833,2460190,actor,,
7262,1854402,actor,Sebas,
7707,2273807,actor,král Leopold,
8799,1638170,actor,Sheriff,
9039,1856676,actor,,
9143,2000035,actor,Walker,
9247,1739348,actor,Inquisidor,
9359,2269789,actor,Matarife,
9360,1743609,actor,,
9771,2065184,actor,El Otro,
9771,2065184,actor,Sr. Sombra,
9771,2075136,actor,Gaspard,
9783,1986315,actor,Violador,
10012,1682939,actor,Portero,
10012,1797752,actor,Oficial ayudante del General Franco,(as José Mª Adeva)
10012,1811316,actor,Dueño gargaje,
10012,1994420,actor,Conserje,
10012,1999879,actor,Jaime,
10012,2003510,actor,Frutos,
10266,1749632,actor,,
10266,1823621,actor,Néstor,(as Martín Adjemian)
10266,1993947,actor,Martin,
10266,2184917,actor,,
10266,2401441,actor,,(as Martin Adjemian)
10489,1743431,actor,He,
10694,1994182,actor,,(as Grupo Saudade)
10698,1994182,actor,,(as Grupo Saudade)
10699,1994182,actor,,(as Grupo Saudade)
10700,1994182,actor,,(as Grupo Saudade)
10701,1994182,actor,,(as Grupo Saudade)
10863,1992620,actor,Padre,
10863,932900,actor,Damian Centeno,
11082,1987982,actor,Cyclops,
11106,1991977,actor,,
11106,2171908,actor,,(as Francesc Adria)
11107,2391561,actor,Cureillista 4,
11247,2032333,actor,Hans,(voice)
11247,790360,actor,Hans,(voice)
11280,1997068,actor,,
11495,2087852,actor,Lorry Driver,
11760,1986885,actor,Chico colegio,
11979,1815628,actor,Mihai,
12242,1584954,actor,,
12249,2138593,actor,Peter,
12479,1607111,actor,,
12491,1596024,actor,Pedro,(as Ramón Aguirre)
12491,1608156,actor,,
12491,1622034,actor,Padre,
12491,1637922,actor,,
12491,1642263,actor,,
12491,1748813,actor,,
12491,1811883,actor,Tipo Coche,(as Ramon Aguirre)
12491,1911097,actor,Ramiro,
12491,1935370,actor,,
12491,1991101,actor,,
12491,1991783,actor,Portero,
12491,2029043,actor,,
12491,2062588,actor,Periodista,
12491,2140196,actor,,
12491,2147519,actor,,
12491,2158696,actor,,
12491,2208241,actor,,
12491,2265155,actor,Mendigorría,
12491,2273563,actor,Secretario judicial,(as Ramón Aguirre)
12491,2460457,actor,,
12491,404007,actor,,
12613,1699548,actor,Praying Man 1,
12798,1828296,actor,,(as William Agosti)
12804,1814921,actor,Capitán Cervantes,
12804,2149972,actor,Sr. Madrazo,
12826,1608996,actor,,
12826,2078365,actor,,
12826,2106315,actor,,
12826,530879,actor,Himself - Host,
12906,1827633,actor,,
12930,2277999,actor,Musician: El Nuevo Quinteto Real,(Violin)
12997,2172156,actor,,
13000,1656673,actor,,(as J. Luis Aguado)
13001,1915461,actor,,
13004,1796814,actor,,
13004,2049522,actor,Niño,
13005,1992507,actor,Aprendiz,
13011,1935123,actor,Himself,
13018,2387806,actor,Himself,(archive footage)
13019,2389908,actor,,
13033,1739348,actor,Monja,
13086,1659843,actor,,
13086,1826744,actor,El Lentejas,
13086,2201797,actor,,
13130,1825546,actor,,
13130,2138593,actor,,
13130,2465585,actor,,(uncredited)
13130,918826,actor,Himself - Reportero,(1993)
13149,1705756,actor,,
13233,2172605,actor,Himself,
13281,2420993,actor,,(uncredited)
13342,1894427,actor,,
13347,1811944,actor,,
13375,1812074,actor,González 1,
13392,1651039,actor,,
13420,2407414,actor,,
13448,1622471,actor,Camarero,
13449,2184917,actor,,
13464,2195405,actor,Álvaro,
13468,840083,actor,Himself - Host,(1993)
13489,1752262,actor,Federico,
13516,1739348,actor,Hermano Juan,
13540,991633,actor,Himself - Host,
13569,1989261,actor,La muerte,
1688027,1769030,actress,Rachel,
1688038,1811938,actress,Locutora,
1688040,1814208,actress,,
1688053,2032961,actress,,(voice)
1688055,1993412,actress,,
1688055,2043902,actress,,
1688063,48242,actress,Herself - Hostess,
1688067,2100790,actress,,
1688078,1648809,actress,Jolly,
1688078,2172611,actress,Secretaria de la Agencia de Viajes,
1688174,1815727,actress,,
1688197,1215986,actress,Hostess,
1688198,1815851,actress,Verónica,
1688198,1821509,actress,Estrella,
1688198,1990834,actress,Lola,
1688198,398294,actress,Sonia Castilla,(1999-2001)
1688518,1843542,actress,Chica reservados,
1688591,2204103,actress,Driver #1,
1688888,1669556,actress,,
1688888,1997068,actress,,
1688888,2054998,actress,Denise,
1688888,2089958,actress,Gaby,
1688946,1652406,actress,HG Puch,
1688987,2137342,actress,,
1689023,1792713,actress,,
1689203,2219175,actress,,
1689435,680674,actress,Herself,
1689441,2064140,actress,Narrator,(voice)
1689441,28450,actress,Herself - Hostess,
1689441,193928,actress,Herself - Hostess,
1689441,1208089,actress,,
1689506,1710808,actress,Rita,
1689638,1627928,actress,Alba,
1689866,1104702,actress,Eva,
1689876,1613435,actress,Gloria,
1689876,1635159,actress,Luisa,
1689876,1653162,actress,Carmela,
1689876,1669543,actress,Verónica,
1689876,1670617,actress,Ana Alonso,
1689876,1710931,actress,José María,
1689876,1710931,actress,María José,
1689876,1713251,actress,Caperucita,
1689876,1737908,actress,Abilene,
1689876,1769031,actress,Ana Duque & Clara Duque,
1689876,1796814,actress,Rosario,
1689876,1812923,actress,Amelia,
1689876,1813247,actress,Ada,
1689876,1813247,actress,Sara,
1689876,1813469,actress,Chelo,
1689876,1814545,actress,La Merche,
1689876,1814773,actress,Lolita - hermana de Pepi,
1689876,1822884,actress,Miranda,
1689876,1822938,actress,,
1689876,1826316,actress,Marisa,
1689876,1939081,actress,Luisa,
1689876,1969146,actress,Andrea Caracortada,
1689876,1986345,actress,Violeta,
1689876,1987389,actress,Victoria,
1689876,1988158,actress,Julita,
1689876,1991616,actress,Bárbara Périsson,
1689876,1991772,actress,Saga,
1689876,1992318,actress,Girl with Juan,(uncredited)
1689876,1993923,actress,Mariana,
1689876,1994532,actress,Elena,
1689876,2003254,actress,Manolita,
1689876,2007653,actress,L'hôtesse,
1689876,2022146,actress,Floren,
1689876,2056107,actress,Clara,
1689876,2067033,actress,Mercedes,
1689876,2075136,actress,Anne,
1689876,2091722,actress,Gloria,
1689876,2116022,actress,Angelines,
1689876,2121962,actress,Engracia,
1689876,2133893,actress,Cardenala,
1689876,2207361,actress,Blanca Arauz,
1689876,2232338,actress,Menchu,
1689876,2232338,actress,Ramona,
1689876,2232338,actress,Aurora Nin,
1689876,2260356,actress,Anne Birdsley,
1689876,2274988,actress,Rebeca Giner,
1689876,2379653,actress,Dorita,
1689876,2466485,actress,Marina Osorio,
1689891,1710808,actress,Irene,
1689956,1675868,actress,Une miss,
1690048,1986567,actress,Nuera 3,
1690130,1983081,actress,,
1690172,196418,actress,Niña,
1690176,2032333,actress,Bella,(voice)
"1690176,790360,actress,""Bella, la gallina"",(voice)"
1690239,1640329,actress,,
1690239,1811797,actress,Esposa de Eusebio,(as Mª Angeles Acevedo)
1690239,1826190,actress,,
1690239,1878518,actress,Mujer Madura,(as María Ángeles Acevedo)
1690239,1994081,actress,Doña Lidia,(as Mª Ángeles Acevedo)
1690239,1999316,actress,Secretaria,
1690239,2015092,actress,Doña Genoveva,(as María Ángeles Acevedo)
1690239,2029784,actress,Pura,(as María Ángeles Acevedo)
1690239,2187688,actress,Invitada,(Guest)
1690239,2205480,actress,,
1690239,2379792,actress,,
1690239,2385480,actress,,
1690239,2389908,actress,,
1690239,1208089,actress,,
1690249,1965138,actress,Hermana menor de Katy,(voice)
1690344,1854612,actress,,
1690646,2194994,actress,,
1690705,1875367,actress,Gomela,
1690714,2022146,actress,Miliciana #7,
1690778,1816309,actress,,
1690893,2379685,actress,,
1690974,2352334,actress,Lt. Nina Crowley,
1691049,2379768,actress,Conxa,
1691108,1715628,actress,Amy,
1691117,2215381,actress,La chica,
1691142,1715628,actress,Miranda,
1691832,1742532,actress,Pool Party Girl,
1691840,1955970,actress,Carmen,
1691840,2140272,actress,Susana,
1692450,2126520,actress,Mujer de Evelio,
1692462,1818610,actress,Amante,
1692760,1646640,actress,Antonieta Rivas Mercado,
1692836,2232133,actress,,
1692961,1016778,actress,Additional Voices,(voice) (as Pamela Segall)
1693034,1901318,actress,Suad,
1693171,1625755,actress,,
1693189,1599026,actress,Joana,
"1693189,1749624,actress,Mujer morena,(segment ""Frac"")"
1693189,1763958,actress,Rocío,
1693189,1767232,actress,Carmen,
1693189,1814028,actress,Marisa,
1693189,1853932,actress,,
1693189,1881592,actress,,
1693189,1884032,actress,,
1693189,1884950,actress,,
1693189,1963564,actress,,
1693189,1994199,actress,,
1693189,2003254,actress,María,
1693189,2032629,actress,Chonina,
1693189,2039438,actress,Lola,
1693189,2039613,actress,,
1693189,2054914,actress,María,
1693189,2128273,actress,Aurelia,
1693189,2140281,actress,Irene,
1693189,2175464,actress,,
1693189,2219900,actress,Lilith - paranormal viewer,
1693189,2269732,actress,María,
1693189,2285520,actress,,
1693189,2424344,actress,Sandra,
1693189,2460457,actress,Ana,
1693189,2465527,actress,Susana,
1693189,2467991,actress,Maruja,
1693189,731292,actress,,
1693189,1227366,actress,Princesa de Éboli,
1693251,1814313,actress,Cristina,
1693326,1810173,actress,Bailarina,(as Inma Adanez)
1693327,1709137,actress,,(as María Angustias Adánez)
1693327,1720081,actress,Maria,
1693327,1742564,actress,Enfermera tocólogo,
1693327,1811430,actress,Niña,(as María Adanés)
1693327,1811552,actress,Yolanda,
1693327,1812609,actress,Chus,
1693327,1815112,actress,,
1693327,1815851,actress,Elena,
1693327,1816264,actress,,
1693327,1822884,actress,Juani,
1693327,1992301,actress,María,
1693327,2029526,actress,María,
1693327,2033420,actress,Sara,(as Maria Adanez)
1693327,2051326,actress,María,
1693327,2145449,actress,Mariló,
1693327,2189388,actress,Belén,(as Maria Adanez)
1693327,2425282,actress,Elena,
1693327,576269,actress,Herself - Hostess,
1693327,789556,actress,Sandra,
1693327,839230,actress,Maya,
1693327,839231,actress,Maya,
1693327,839232,actress,Maya,
1693327,839233,actress,Maya,
1693327,839234,actress,Maya,
1693327,839235,actress,Maya,
1693327,839236,actress,Maya,
1693327,839237,actress,Maya,
1693327,839238,actress,Maya,
1693327,839239,actress,Maya,
1693327,839240,actress,Maya,
1693327,839241,actress,Maya,
1693327,839254,actress,Maya,
1693327,839256,actress,Maya,
1693327,839257,actress,Maya,
1693327,839258,actress,Maya,
1693327,839260,actress,Maya,
1693327,839261,actress,Maya,
1693327,839262,actress,Maya,
1693327,839265,actress,Maya,
1693327,839267,actress,Maya,
1693327,839268,actress,Maya,
1693327,839272,actress,Maya,
1693327,839273,actress,Maya,
1693327,839275,actress,Maya,
1693327,839276,actress,Maya,
1693327,839277,actress,Maya,
1693327,839278,actress,Maya,
1693327,839281,actress,Maya,
1693327,839283,actress,Maya,
1693327,839285,actress,Maya,
1693327,839286,actress,Maya,
1693327,839287,actress,Maya,
1693327,839288,actress,Maya,
1693494,2269737,actress,Nancy,
1693816,1813673,actress,,
1693870,2040423,actress,Journalist,
1693962,1997420,actress,Nancy,
1694004,521429,actress,Naroa,(2009)
1694207,1728605,actress,Indian Girl,(as Tailinh Forest Flower)
1694214,1810615,actress,María de Guísamo,
1694255,1665618,actress,Jane Blake,
1694255,1677423,actress,Angelica,
1694255,2219953,actress,María José,
1694255,2221444,actress,Laura,
1694290,2425272,actress,,
"1694295,2067585,actress,""Carla, aerobics instructor"","
1694298,1712361,actress,,
1694298,1991670,actress,,
1694301,2032011,actress,,
1694309,1998279,actress,,
1694349,2117150,actress,Guerrillera urbana,
1694358,1997742,actress,Sirvienta,
1694374,2465540,actress,,(voice)
1694382,1770250,actress,,
1694383,1997068,actress,,
1694383,789459,actress,Lola,(1988-1989)
1694463,2244635,actress,Mujer Centro Social,
1694463,2454918,actress,Cuñada,
1694521,52376,actress,Herself,
1694569,1698224,actress,,
1694585,351890,actress,Herself,
1694585,399519,actress,Herself,
1694599,1628125,actress,Locutora,
1694599,1630321,actress,Segunda Alicia,
1694599,1648741,actress,Nieves,
1694599,1675868,actress,Maryse,
1694599,1728213,actress,,
1694599,1749286,actress,Victoria,
1694599,1793707,actress,Rosa,
1694599,1810779,actress,Inés,
1694599,1810923,actress,Mónica,
1694599,1813176,actress,,
1694599,1815050,actress,Erika,
1694599,1822109,actress,Virginia Nardini,
1694599,1903489,actress,Irene,
2634232,2032004,cinematographer,,
2634232,2055918,cinematographer,,
2634243,1627426,cinematographer,,
2634396,1731738,cinematographer,,
2634493,1987298,cinematographer,,
2634493,1989015,cinematographer,,
2634544,1710849,cinematographer,,
6504,1714668,cinematographer,,
6504,2002156,cinematographer,,(director of photography)
6504,2087852,cinematographer,,
9671,1905728,cinematographer,,
2634866,1717074,cinematographer,,
2634959,2033804,cinematographer,,(director of photography)
2635052,2005479,cinematographer,,
12858,1724301,cinematographer,,
12858,1941512,cinematographer,,
2635156,1845898,cinematographer,,
13885,1596024,cinematographer,,(as Xabier Aguirresarobe)
13885,1600066,cinematographer,,
13885,1625486,cinematographer,,
13885,1626356,cinematographer,,
13885,1646782,cinematographer,,
13885,1648730,cinematographer,,
13885,1676114,cinematographer,,
13885,1683223,cinematographer,,
13885,1707610,cinematographer,,
13885,1793717,cinematographer,,
13885,1803736,cinematographer,,
13885,1810615,cinematographer,,
13885,1813177,cinematographer,,
13885,1813713,cinematographer,,
13885,1814493,cinematographer,,
13885,1814529,cinematographer,,(as Xabier Aguirresarobe)
13885,1814705,cinematographer,,
13885,1815579,cinematographer,,
13885,1815657,cinematographer,,
13885,1820709,cinematographer,,
13885,1832373,cinematographer,,
13885,1858281,cinematographer,,
13885,1875275,cinematographer,,
13885,1882324,cinematographer,,
13885,1885389,cinematographer,,
13885,1924702,cinematographer,,
13885,1924703,cinematographer,,
13885,1924704,cinematographer,,
13885,1924705,cinematographer,,
13885,1924706,cinematographer,,
13885,1924707,cinematographer,,
13885,1924708,cinematographer,,
13885,1939887,cinematographer,,
13885,1940486,cinematographer,,
13885,1990834,cinematographer,,
13885,1990866,cinematographer,,
13885,1991830,cinematographer,,
13885,1992620,cinematographer,,
13885,1992800,cinematographer,,
13885,1993947,cinematographer,,
13885,1994419,cinematographer,,
13885,2005805,cinematographer,,
13885,2032006,cinematographer,,
13885,2051462,cinematographer,,
13885,2100611,cinematographer,,
13885,2113636,cinematographer,,
13885,2134540,cinematographer,,
13885,2157634,cinematographer,,
13885,2174316,cinematographer,,
13885,2216937,cinematographer,,
13885,2379750,cinematographer,,
13885,2396782,cinematographer,,
13885,2406642,cinematographer,,
13885,2407114,cinematographer,,
13885,2465385,cinematographer,,
13885,2465786,cinematographer,,
13885,112361,cinematographer,,
2635175,1665422,cinematographer,,
2635176,2208407,cinematographer,,
2635205,1817559,cinematographer,,(director of photography)
2635299,303826,cinematographer,,
2635380,1826001,cinematographer,,
17197,1770370,cinematographer,,
1696782,1677693,cinematographer,,
1696782,1465730,cinematographer,,
2635671,2170145,cinematographer,,
2635737,1815507,cinematographer,,
2635754,2145126,cinematographer,,
2635787,1813769,cinematographer,,
21677,1622002,cinematographer,,
21677,1627284,cinematographer,,
21677,1635159,cinematographer,,(as Jose Luis Alcaine)
21677,1653162,cinematographer,,
21677,1660707,cinematographer,,
21677,1675802,cinematographer,,
21677,1708340,cinematographer,,
21677,1712352,cinematographer,,(uncredited)
21677,1719103,cinematographer,,
21677,1743732,cinematographer,,
21677,1755591,cinematographer,,
21677,1769305,cinematographer,,
21677,1776692,cinematographer,,
21677,1776693,cinematographer,,
21677,1786185,cinematographer,,
21677,1786933,cinematographer,,
21677,1792739,cinematographer,,
21677,1810712,cinematographer,,
21677,1810959,cinematographer,,
21677,1813245,cinematographer,,
21677,1813469,cinematographer,,
21677,1813470,cinematographer,,(as Jose Luis Alcaine)
21677,1813574,cinematographer,,
21677,1814773,cinematographer,,(as J.L. Alcaine)
21677,1814810,cinematographer,,
21677,1815698,cinematographer,,
21677,1816159,cinematographer,,
21677,1819774,cinematographer,,
21677,1856676,cinematographer,,
21677,1882485,cinematographer,,
21677,1892095,cinematographer,,
21677,1892105,cinematographer,,
21677,1914147,cinematographer,,
21677,1939081,cinematographer,,
21677,1946663,cinematographer,,
21677,1947512,cinematographer,,
21677,1987135,cinematographer,,
21677,1988496,cinematographer,,
21677,1989586,cinematographer,,
21677,1990270,cinematographer,,
21677,1992594,cinematographer,,
21677,1993630,cinematographer,,
21677,1993923,cinematographer,,
21677,1995126,cinematographer,,
21677,1995661,cinematographer,,
21677,1996209,cinematographer,,
21677,1996592,cinematographer,,
21677,1998362,cinematographer,,
21677,1998712,cinematographer,,
21677,1999660,cinematographer,,
21677,2003363,cinematographer,,
21677,2022146,cinematographer,,
21677,2033394,cinematographer,,
21677,2048445,cinematographer,,
21677,2053209,cinematographer,,
21677,2054914,cinematographer,,
21677,2083038,cinematographer,,
21677,2089568,cinematographer,,
21677,2116022,cinematographer,,
21677,2128273,cinematographer,,
21677,2142880,cinematographer,,
21677,2144993,cinematographer,,
21677,2145126,cinematographer,,
21677,2187958,cinematographer,,
21677,2201194,cinematographer,,(director of photography) (as Jose Luis Alcaine)
21677,2219953,cinematographer,,
21677,2222161,cinematographer,,
21677,2244680,cinematographer,,
21677,2245288,cinematographer,,
21677,2279379,cinematographer,,
21677,2285861,cinematographer,,
21677,2391561,cinematographer,,
21677,2400217,cinematographer,,(director of photography) (as Jose Luis Alcaine)
21677,2428118,cinematographer,,
21677,2428320,cinematographer,,
21677,2465345,cinematographer,,(as Jose Luis Alcaine)
21677,2465574,cinematographer,,
21677,2465768,cinematographer,,
21677,2466485,cinematographer,,
2635790,1812398,cinematographer,,
2635790,1989778,cinematographer,,
2635790,2015092,cinematographer,,
2635790,2035239,cinematographer,,
2635790,2175478,cinematographer,,
2635790,2245244,cinematographer,,
2635790,2387738,cinematographer,,
2635790,2396173,cinematographer,,
2635796,1749580,cinematographer,,
2635796,1779148,cinematographer,,
2635796,1789507,cinematographer,,
2635796,1822856,cinematographer,,
2635796,1831589,cinematographer,,
2635796,1989140,cinematographer,,
2635796,2284846,cinematographer,,
2635796,2424938,cinematographer,,
21954,1629671,cinematographer,,
21954,1749067,cinematographer,,
21954,1810505,cinematographer,,
22047,2394438,cinematographer,,
2635843,1730711,cinematographer,,
2635843,1822886,cinematographer,,
2635853,2045895,cinematographer,,
2635853,2184916,cinematographer,,
2635853,893243,cinematographer,,
2635913,1914324,cinematographer,,
30424,2180834,cinematographer,,
30745,1710931,cinematographer,,
30745,1982425,cinematographer,,
2636432,1814170,cinematographer,,
31190,1652406,cinematographer,,
31190,2137342,cinematographer,,
2636471,1717074,cinematographer,,
2636473,2135991,cinematographer,,
31427,1816547,cinematographer,,
31551,2163395,cinematographer,,
2636538,1905837,cinematographer,,
2636538,1957635,cinematographer,,
2636538,2066906,cinematographer,,
2636538,2094744,cinematographer,,
2636538,2112657,cinematographer,,
2636538,2410357,cinematographer,,
2636675,2026304,cinematographer,,(director of photography)
2636791,1733867,cinematographer,,
37310,1693027,cinematographer,,
37310,1720081,cinematographer,,
37310,1749641,cinematographer,,
37310,1752262,cinematographer,,
37310,1763958,cinematographer,,
37310,1779648,cinematographer,,
37310,1797752,cinematographer,,
37310,1810144,cinematographer,,
37310,1810207,cinematographer,,
37310,1810427,cinematographer,,
37310,1810472,cinematographer,,
37310,1811938,cinematographer,,
37310,1813247,cinematographer,,
37310,1814444,cinematographer,,
37310,1819959,cinematographer,,
37310,1822884,cinematographer,,(as Juán Amorós)
37310,1826393,cinematographer,,
37310,1835601,cinematographer,,
37310,1858324,cinematographer,,
37310,1878518,cinematographer,,
37310,1982425,cinematographer,,(as Joan Amorós)
37310,1991001,cinematographer,,
37310,1999233,cinematographer,,
37310,2022146,cinematographer,,
37310,2032515,cinematographer,,
37310,2039438,cinematographer,,
37310,2133893,cinematographer,,
37310,2157646,cinematographer,,
37310,2183870,cinematographer,,
37310,2189865,cinematographer,,
37310,2232338,cinematographer,,
37310,2273701,cinematographer,,
37310,2379653,cinematographer,,
37310,2384512,cinematographer,,
37310,2393951,cinematographer,,
37310,2406491,cinematographer,,
37310,2452771,cinematographer,,
37310,2455693,cinematographer,,
37310,2455785,cinematographer,,
2637549,2166864,cinematographer,,
2637550,2221309,cinematographer,,
2763983,1818177,composer,,
3259,1659521,composer,,
3259,2310478,composer,,
2764084,980573,composer,,
2764084,980576,composer,,
5014,1622930,composer,,
5881,1815727,composer,,
2764678,1810075,composer,,
13400,2219175,composer,,
13587,1786362,composer,,(as Paco Aguilera)
2764699,1786362,composer,,
2764711,1990808,composer,,
2764713,1713251,composer,,
2764719,1813441,composer,,
2764719,2032750,composer,,
2764719,2072069,composer,,
2764719,2174922,composer,,
2764719,2455671,composer,,(as A. Agullo)
2764720,1801302,composer,,
2764728,1625475,composer,,
2765142,2276672,composer,,
2765148,1757622,composer,,
2765170,1825099,composer,,
2765172,730798,composer,,
2765174,1660690,composer,,
2765192,2033093,composer,,
2765235,2414113,composer,,
2765236,1816548,composer,,
22948,1622264,composer,,
22948,1813348,composer,,
22948,1972975,composer,,
22948,1999378,composer,,
22968,1996332,composer,,
23430,2017563,composer,,
23430,276972,composer,,
23430,276976,composer,,
23452,1828255,composer,,
25799,1179461,composer,,
25800,1816038,composer,,
25800,2201797,composer,,
2765359,1682939,composer,,
2765574,2183634,composer,,
2765574,2424344,composer,,
29520,1815548,composer,,
31190,1659521,composer,,
2765673,718255,composer,,
2765677,2223270,composer,,
2765677,2384479,composer,,
2765678,1997253,composer,,
2765681,1815934,composer,,
2765714,1826583,composer,,
31786,2005188,composer,,
2765717,2465816,composer,,
31806,2033476,composer,,
2765852,2000851,composer,,
2765855,1989677,composer,,
2765855,1995407,composer,,
2765855,2054914,composer,,
2765855,925672,composer,,
34466,1924149,composer,,
34466,1941512,composer,,
2765891,1664435,composer,,
34966,1763958,composer,,
34966,1987135,composer,,
34966,1989963,composer,,
34966,1996264,composer,,
34966,2005805,composer,,
34966,2279782,composer,,
34966,759433,composer,,(1995-1999)
2765905,2077536,composer,,
2765972,1815252,composer,,
35950,1619211,composer,,
35950,1627993,composer,,
35950,1632469,composer,,
35950,1901631,composer,,
35950,1992249,composer,,
35950,2039591,composer,,
35950,2091711,composer,,
35950,2285096,composer,,
2766009,2452093,composer,,
2766053,1743609,composer,,
2766091,1939776,composer,,
2766102,1832373,composer,,
2766149,1775121,composer,,
38770,1625853,composer,,
42139,1813388,composer,,
42139,1989698,composer,,
42139,1994870,composer,,
42139,2022140,composer,,(as Patxi Andion)
2766344,1824466,composer,,(as F. Andrada)
2766344,1987389,composer,,
2766460,2065211,composer,,
2766637,2387881,composer,,
2766782,2198776,composer,,
2766895,2153480,composer,,
51521,1991953,composer,,
51521,2156925,composer,,
2766941,1820559,composer,,
2766941,2065003,composer,,
2766941,2175344,composer,,
2766942,1749632,composer,,
2766975,1641781,composer,,
2766975,1718371,composer,,
2766975,1731786,composer,,
2766975,1812282,composer,,
2766975,2001860,composer,,
2766975,2064374,composer,,
2766975,2138436,composer,,
2766975,2180858,composer,,
2766975,2211368,composer,,
2766975,2388086,composer,,
2766975,2404387,composer,,
52871,1625755,composer,,
53588,1813389,composer,,
53588,2465527,composer,,
2767076,1811713,composer,,
2767076,2033792,composer,,
2767076,2066319,composer,,
2767076,366865,composer,,
54684,1830767,composer,,
54684,1989225,composer,,
54684,1995382,composer,,
2767126,1993269,composer,,
2767126,2384134,composer,,
55408,1718403,composer,,
55408,1810455,composer,,
55408,1812214,composer,,
55408,1812546,composer,,
55408,1992366,composer,,
55408,2128381,composer,,
55408,2144947,composer,,
55408,2264382,composer,,
55408,1227648,composer,,
2767173,2141358,composer,,
2767212,718348,composer,,(1989)
2767212,736246,composer,,(1992)
2767373,2039613,composer,,
2767378,1986082,composer,,
2767384,1635958,composer,,
2767384,1812074,composer,,
2767384,2284577,composer,,
2767387,1779148,composer,,
2767387,1789507,composer,,
2767387,1831589,composer,,
2767389,1875367,composer,,
2767389,2384436,composer,,
59580,2421248,composer,,
2767443,1626611,composer,,
2767443,1642159,composer,,
2767443,1651687,composer,,
2767443,1656477,composer,,
2767443,1710027,composer,,
2767443,1716149,composer,,
2767443,1790558,composer,,
2767443,1796814,composer,,
2767443,1810113,composer,,
2767443,1810779,composer,,
2767443,1811554,composer,,
2767443,1812569,composer,,
2767443,1812633,composer,,
2767443,1812991,composer,,
2767443,1815952,composer,,
2767443,1816494,composer,,
2767443,1816532,composer,,
2767443,1866285,composer,,
2767443,1883573,composer,,
2767443,1988678,composer,,
2767443,1993381,composer,,
2767443,1994068,composer,,
2767443,2003961,composer,,
2767443,2032699,composer,,
2767443,2032885,composer,,
2767443,2052913,composer,,
2767443,2105312,composer,,
2767443,2182061,composer,,
2767443,2262961,composer,,
2767443,2379853,composer,,
2767443,2384511,composer,,
2767443,2387317,composer,,
2767443,2411115,composer,,
2767443,2423423,composer,,
2767443,2436963,composer,,
63018,2106926,composer,,
2767641,1811993,composer,,
2767641,1998969,composer,,
2767641,2465356,composer,,
2767641,2467996,composer,,
64951,2117150,composer,,
2767787,863572,composer,,
2767839,2268620,composer,,
2767970,2215299,composer,,
68856,1651046,composer,,
68856,1812848,composer,,
68856,1817630,composer,,
68856,1819026,composer,,
68856,1826316,composer,,
68856,1826355,composer,,
68856,1931101,composer,,
68856,1999872,composer,,
68856,2033399,composer,,
68856,2065102,composer,,
68856,2161463,composer,,
68856,2180946,composer,,
70178,2169786,composer,,
71403,2145346,composer,,
2768243,1812954,composer,,
72623,2467988,composer,,
72731,1901318,composer,,
2768341,1977948,composer,,
2768366,1941767,composer,,
74497,1706115,composer,,
74497,1857227,composer,,
74497,1884856,composer,,
74497,1928326,composer,,
74497,1985199,composer,,
74497,1986102,composer,,
2768377,1999877,composer,,
74864,2008119,composer,,
75707,1987982,composer,,
2768475,1812816,composer,,
2768476,1812816,composer,,
2768826,2146241,composer,,
2768856,1743434,composer,,
2768857,1712361,composer,,
2768857,1809997,composer,,
2768857,1991670,composer,,
2768857,2054025,composer,,
2768871,1956597,composer,,
2768871,2003184,composer,,
83715,1621693,composer,,
83715,1981603,composer,,
83715,2016078,composer,,
2769009,1823000,composer,,
2769118,1810330,composer,,
2769204,978992,composer,,(1989)
2769246,2269737,composer,,
2769319,1810493,composer,,(music by)
91387,1761343,composer,,
91387,1811949,composer,,(as Josep Bardagí)
91387,2134745,composer,,
91387,2390702,composer,,
91387,2465632,composer,,
91387,2467991,composer,,(as José Mª Bardagi)
91387,1480810,composer,,
91387,1586694,composer,,
2769368,2003752,composer,,
91464,1671468,composer,,
91464,1992781,composer,,
91464,1994081,composer,,
91464,2032489,composer,,
2862437,1814028,costume designer,,
2862460,1992800,costume designer,,
2862473,1810283,costume designer,,
2862484,1818610,costume designer,,
2862484,2026283,costume designer,,
2862485,1811316,costume designer,,
1697625,2100790,costume designer,,
1698490,1810289,costume designer,,
2862609,2169864,costume designer,,
1699718,1993500,costume designer,,
1700168,1646640,costume designer,,
2862674,2140133,costume designer,,
26383,2022281,costume designer,,(as Adam Aliaga)
2862693,1665762,costume designer,,
2862693,2219433,costume designer,,
2862693,2379691,costume designer,,
2862760,1810207,costume designer,,
2862780,1824323,costume designer,,
32982,2003415,costume designer,,
1705505,1622028,costume designer,,
1705505,1810144,costume designer,,
1705505,1983697,costume designer,,
1705505,2002156,costume designer,,(as Ana Alvargonzalez)
1705505,2405762,costume designer,,
2862828,1655349,costume designer,,
2862828,2047217,costume designer,,
2862828,2245579,costume designer,,
2862828,810978,costume designer,,
35658,2145126,costume designer,,
35658,2145333,costume designer,,
2862850,1845901,costume designer,,
1707024,1756366,costume designer,,
1707024,1811449,costume designer,,
1707024,1814050,costume designer,,
2862903,1853220,costume designer,,
44487,1723425,costume designer,,
44487,1809997,costume designer,,
44487,1811125,costume designer,,
44487,1811136,costume designer,,
44487,1811811,costume designer,,
44487,1826373,costume designer,,(as Gumersindo Andres)
44487,1955516,costume designer,,
44487,1991498,costume designer,,
44487,1991670,costume designer,,
44487,1992335,costume designer,,
44487,2033093,costume designer,,
44487,2043917,costume designer,,
44487,2067585,costume designer,,(as Gumer Andrés)
44487,2133893,costume designer,,
44487,2187688,costume designer,,
44487,2379653,costume designer,,(co-costume designer)
44487,2421012,costume designer,,
44487,2455693,costume designer,,
44487,410048,costume designer,,
44487,1467885,costume designer,,
2863018,2033394,costume designer,,
2863115,1710082,costume designer,,
2863181,1810176,costume designer,,
2863186,1813177,costume designer,,
2863186,2091553,costume designer,,
1717254,1814520,costume designer,,
1717254,1988619,costume designer,,
1717254,1996495,costume designer,,
1717254,2056107,costume designer,,
1717254,2220630,costume designer,,
1717254,2379203,costume designer,,
2863239,1810427,costume designer,,
2863239,2015714,costume designer,,
2863239,2202915,costume designer,,
2863296,1815115,costume designer,,
2863296,2384436,costume designer,,
1721229,1632469,costume designer,,(as Asunción Arretxe)
1721229,2050763,costume designer,,(as Asunción Arretxe)
1721229,2112283,costume designer,,
1721229,2128262,costume designer,,
2863297,2047685,costume designer,,
2863297,2050763,costume designer,,
2863297,2169808,costume designer,,
2863297,2187968,costume designer,,
2863297,2284796,costume designer,,
2863297,2467392,costume designer,,
2863323,2266921,costume designer,,
2863325,1943230,costume designer,,
60418,1593119,costume designer,,
60418,1608156,costume designer,,(as J. Artinano)
60418,1717720,costume designer,,
60418,1741319,costume designer,,
60418,1749624,costume designer,,
60418,1797752,costume designer,,
60418,1810615,costume designer,,
60418,1810712,costume designer,,(co-costume designer)
60418,1812719,costume designer,,
60418,1813140,costume designer,,
60418,1813495,costume designer,,
60418,1813579,costume designer,,
60418,1814290,costume designer,,
60418,1814810,costume designer,,
60418,1815123,costume designer,,
60418,1831582,costume designer,,
60418,1947512,costume designer,,
60418,1989633,costume designer,,
60418,1991783,costume designer,,
60418,1992547,costume designer,,
60418,1993269,costume designer,,
60418,2000035,costume designer,,
60418,2003254,costume designer,,
60418,2022146,costume designer,,
60418,2032811,costume designer,,
60418,2051444,costume designer,,
60418,2078130,costume designer,,
60418,2126537,costume designer,,
60418,2146902,costume designer,,
60418,2187958,costume designer,,
60418,2245575,costume designer,,
60418,785957,costume designer,,
60418,1016822,costume designer,,
2863340,1815445,costume designer,,
2863341,2033025,costume designer,,
2863393,1857227,costume designer,,
2863551,1720081,costume designer,,
2863755,2121962,costume designer,,
2863765,1998608,costume designer,,(as Cruz María Beleztena)
2863783,1924158,costume designer,,
2863791,1637979,costume designer,,
2863796,2013052,costume designer,,
2863796,2419402,costume designer,,
2863833,1892346,costume designer,,
2863908,1924149,costume designer,,
2863908,2172941,costume designer,,
2863908,2215273,costume designer,,
2863979,1811833,costume designer,,
2863979,2066963,costume designer,,
2864063,2145268,costume designer,,
1744462,378606,costume designer,,
2864202,1812282,costume designer,,
1748834,2064427,costume designer,,
114170,1656538,costume designer,,
114170,1881270,costume designer,,
114170,1993919,costume designer,,
114170,810978,costume designer,,
2864372,2202915,costume designer,,
2864490,2465719,costume designer,,
2864490,1583381,costume designer,,
2864570,2030139,costume designer,,
2864570,2053625,costume designer,,
2864613,1826772,costume designer,,(as Marisa Bernedo)
2864613,2419571,costume designer,,(as Marisa Bernedo)
2864613,2452956,costume designer,,(as Marisa Bernedo)
2864636,1920779,costume designer,,
2864651,196459,costume designer,,
2864654,1709262,costume designer,,
2864694,2123789,costume designer,,
2864773,1696049,costume designer,,
1764802,1815975,costume designer,,
1764802,2175478,costume designer,,
1769276,1672149,costume designer,,
1769276,1712361,costume designer,,
1769276,1749171,costume designer,,
1769276,1792750,costume designer,,
1769276,1811720,costume designer,,
1769276,1846555,costume designer,,
1769276,1996576,costume designer,,
1769276,2003211,costume designer,,(as Ivonne Blake)
1769276,2163395,costume designer,,
1769276,2185474,costume designer,,(as Ivonne Blake)
1769276,2351992,costume designer,,
2864973,1813574,costume designer,,
149595,1728605,costume designer,,
2865076,2017563,costume designer,,
2865147,1835723,costume designer,,
156798,1677104,costume designer,,
2865173,1813344,costume designer,,
2865173,1891668,costume designer,,
2865173,1998279,costume designer,,
1776177,1743431,costume designer,,
2865177,1814678,costume designer,,
2865195,1635159,costume designer,,(as Nereida Bonmati)
2865195,1693027,costume designer,,
2865195,1749641,costume designer,,
2865195,1814067,costume designer,,
2865195,1939081,costume designer,,
2865195,1988674,costume designer,,
2865195,1995126,costume designer,,
2865195,2032515,costume designer,,
2865195,2105002,costume designer,,
2865195,2191355,costume designer,,
2865195,2406628,costume designer,,
2865203,618839,costume designer,,
2865236,1708579,costume designer,,
2865265,1986567,costume designer,,
2865306,1806393,costume designer,,
1783752,1932807,costume designer,,
1785234,1589772,costume designer,,
1785234,1936047,costume designer,,
2865517,348749,costume designer,,(as Bille Brassers)
2865681,1720081,costume designer,,
2866106,1635121,costume designer,,
2866106,1788553,costume designer,,
2866106,2005364,costume designer,,
2866141,2180031,costume designer,,
214248,1813239,costume designer,,
2866249,1988203,costume designer,,
1808224,1143315,costume designer,,
1808224,1563686,costume designer,,
2866273,1723941,costume designer,,(as Roman Calatayud)
2866284,1813421,costume designer,,
2866309,2066948,costume designer,,
1809963,2144984,costume designer,,
2866347,1720081,costume designer,,
2866397,2143770,costume designer,,
1811940,2120648,costume designer,,
2866402,2404343,costume designer,,
2866414,1720081,costume designer,,
228737,2032395,costume designer,,
2866498,2032821,costume designer,,
2866505,2000343,costume designer,,
2866505,2405762,costume designer,,
2866510,2274694,costume designer,,(co-costume designer)
2866525,1998870,costume designer,,
2866571,1860172,costume designer,,
235459,2026283,costume designer,,
2866616,1638170,costume designer,,
2866616,2157204,costume designer,,
2866616,2234858,costume designer,,
2866681,1770370,costume designer,,
240078,2393044,costume designer,,
2866710,2465585,costume designer,,(as Mª Angeles Casillas)
1822233,1825546,costume designer,,
1822233,2157770,costume designer,,(as Angela Casillas)
2866716,2040824,costume designer,,
2866735,1994375,costume designer,,
2866742,1892346,costume designer,,
2866748,1969576,costume designer,,
2866748,2050638,costume designer,,
2866774,1817595,costume designer,,
2866798,1990808,costume designer,,
2866854,2460505,costume designer,,
2866904,2077467,costume designer,,
2866941,1903370,costume designer,,
2866958,2424983,costume designer,,
2866959,1667044,costume designer,,
2866959,1822109,costume designer,,
2866970,1977948,costume designer,,
2867124,1814164,costume designer,,
262293,2007653,costume designer,,
2867266,1754687,costume designer,,
2867485,1886660,costume designer,,
2867492,2065634,costume designer,,
2867596,818384,costume designer,,
2867630,1717074,costume designer,,
2894729,2000202,director,,
1160,2065193,director,,
1166,721283,director,,
2894784,2090248,director,,
1188,1741216,director,,
1188,2169085,director,,
1188,25376,director,,
2894787,1812030,director,,
4954,1779136,director,,
4954,1816193,director,,
4954,1983555,director,,
4954,1996497,director,,
2895311,2404550,director,,
2895311,2467979,director,,
6736,1814429,director,,
6736,1869439,director,,
6736,2404191,director,,
2635052,2005479,director,,
12918,1816224,director,,
13007,431797,director,,
13049,2120648,director,,
13233,2172605,director,,
1694590,1749204,director,,
13519,1656320,director,,(as La Cuadrilla)
13519,1750705,director,,
13519,1958657,director,,(as La Cuadrilla)
13519,1991692,director,,(as Cuadlilla Amalilla)
13519,2056804,director,,(as La Cuadrilla)
13519,2147864,director,,
13519,2254729,director,,(as Escuadra Cobra)
13655,1622029,director,,
13655,2070011,director,,
2635156,1825696,director,,
2635156,1845898,director,,
2635156,2083002,director,,
13780,1620995,director,,
13780,1714600,director,,
13780,1715186,director,,
13780,1741393,director,,
13780,1810214,director,,
13780,1811326,director,,
13780,1813651,director,,
13780,1814593,director,,
13780,1819801,director,,
13780,1826313,director,,
13780,1830784,director,,
13780,1989227,director,,
13780,1991499,director,,
13780,1991893,director,,
13780,1993720,director,,
13780,1997420,director,,
13780,2003556,director,,
13780,2024207,director,,
13780,2033383,director,,
13780,2033410,director,,
13780,2054035,director,,
13780,2138463,director,,
13780,2194925,director,,
13780,2408962,director,,
13780,2421115,director,,
13780,2421701,director,,
13780,2421705,director,,
2895941,2140115,director,,
2895941,2387738,director,,
2895945,2203023,director,,
15494,1656538,director,,
15494,1725493,director,,
2862534,2032004,director,,
2635380,2033555,director,,
2896316,1677693,director,,
2896514,406400,director,,
2765077,1941512,director,,
2765077,1941767,director,,
2896564,776984,director,,(1995-2001)
2896587,1796150,director,,
20217,1657181,director,,
20217,2089608,director,,
20217,2243643,director,,
1698107,2207698,director,,(as Ángeles Albaladejo)
20256,1656070,director,,
20256,1709253,director,,
20256,1719263,director,,
20256,1996050,director,,
20256,1999419,director,,
20256,2050686,director,,
20256,2207698,director,,
2896620,2005479,director,,
20573,1827215,director,,
20573,2424344,director,,
2896624,2187963,director,,
20682,1104535,director,,
2896637,2100776,director,,
20936,1818685,director,,(as Albert Thomas)
2896680,1768627,director,,
21709,1797002,director,,
2635796,1749580,director,,
2635796,1779148,director,,
2635796,1789507,director,,
2635796,1831589,director,,
2635796,1989140,director,,
2635796,2424938,director,,
21954,1650951,director,,
21954,1711000,director,,
21954,2032011,director,,
21954,2089511,director,,
22009,1810192,director,,
22009,1997759,director,,
22009,2274934,director,,
2896756,1743253,director,,
2896756,1813306,director,,
2896756,2105002,director,,
22123,1815812,director,,
22123,2033093,director,,(as Víctor Barrera)
2896763,805520,director,,
23427,1626356,director,,
2897007,333259,director,,
26383,2105332,director,,
2897082,2078545,director,,
2897082,2220109,director,,
2897103,1991101,director,,
29520,1668389,director,,
29520,1815548,director,,
29520,2390961,director,,
2897274,90472,director,,
"30100,2039542,director,,(segment ""Merzak Allouache/Aubervilliers"")"
30100,980578,director,,
30424,2180834,director,,
2897366,1877027,director,,
2897366,2062622,director,,
2897370,1811146,director,,
2897370,1813122,director,,
2897373,1998283,director,,
30839,1688574,director,,
30839,1715216,director,,(as Pedro Almodovar)
30839,1815680,director,,
30839,1822973,director,,
30839,1848566,director,,
30839,1907356,director,,
30839,1969146,director,,(as Pedro Almodovar)
30839,1987531,director,,
30839,1990599,director,,
30839,1992318,director,,(as Pedro Almodovar)
30839,2000343,director,,
30839,2055855,director,,
30839,2082736,director,,
30839,2083038,director,,
30839,2144984,director,,
30839,2205411,director,,
30839,2215477,director,,
30839,2223284,director,,
30839,2274988,director,,
30839,2384467,director,,
30839,2396170,director,,
30839,2465793,director,,(as Pedro Almodovar)
30839,2466485,director,,
31129,201743,director,,
31190,1652406,director,,
31190,1659521,director,,
31190,1995340,director,,
31190,2137342,director,,
31190,2310478,director,,
31209,1665422,director,,
31209,2061710,director,,
2897425,437992,director,,
2897439,1991106,director,,
31430,1585028,director,,
2897456,2282191,director,,
31551,2163395,director,,
31551,2223863,director,,
32176,399519,director,,
2897579,1597537,director,,
2897579,2400710,director,,
32971,1593028,director,,
33450,36196,director,,
33450,181705,director,,(2000-2001)
33450,252201,director,,(2001-2003)
33450,724644,director,,
33450,833661,director,,
33450,960762,director,,
2636676,1940108,director,,(as Víctor M. Alvarez)
2897731,27196,director,,
2897735,1807517,director,,
2897738,1599808,director,,
35094,2420999,director,,
35950,1619211,director,,
35950,1901631,director,,
35950,2039591,director,,
35950,2285096,director,,
36440,1688521,director,,
36440,2184262,director,,
36966,1794920,director,,
36966,1815867,director,,
36966,2163688,director,,
36966,2406856,director,,
2897988,1903636,director,,
37308,1776607,director,,
37308,855768,director,,(1986)
2898012,1810679,director,,
2898087,2033486,director,,
1711368,1702811,director,,
"1711368,1768620,director,,(segment ""Delirio 3"")"
2898616,730449,director,,
2898620,1694444,director,,
44521,2005479,director,,
2898663,2184386,director,,
45352,2039542,director,,(as Theo Angelopoulos)
45451,2066948,director,,
2898726,2083685,director,,
2898727,1937727,director,,
2898727,1997098,director,,
2898735,1803762,director,,
2898745,411948,director,,
48725,2167176,director,,
2899097,2218184,director,,
2637810,1826748,director,,
2637810,1883566,director,,
2899202,2007653,director,,
2899239,2404712,director,,
51943,1635159,director,,
51943,1653162,director,,
51943,1710931,director,,
51943,1719103,director,,
51943,1732084,director,,
51943,1810144,director,,
51943,1813469,director,,
51943,1813470,director,,
51943,1835601,director,,
51943,1939081,director,,
51943,1993587,director,,
51943,1993923,director,,
51943,1995126,director,,
51943,2022146,director,,
51943,2039542,director,,
51943,2232338,director,,
51943,2379653,director,,
51953,1810246,director,,
52453,917480,director,,
1717867,1739384,director,,
2638158,326986,director,,(1999-2013)
2638158,725022,director,,(co-director)
53901,22261,director,,
2899533,1817780,director,,
54387,962931,director,,
54387,1510642,director,,
2899553,2221178,director,,
54836,2033486,director,,
55008,2404150,director,,
55008,325352,director,,
55451,1992301,director,,
55451,2054383,director,,
2894784,2090248,editor,,
3043676,1818610,editor,,
3043677,1621046,editor,,
3043677,1637354,editor,,
3043677,1716064,editor,,
3043677,1814486,editor,,
3043677,1983393,editor,,
3043677,1986284,editor,,
3043677,1997497,editor,,
3043677,2211368,editor,,
3043677,2247678,editor,,
3043677,2264382,editor,,
3043677,235640,editor,,
3043690,1644309,editor,,
3043762,1622264,editor,,
3043762,1986406,editor,,
3043762,2232235,editor,,
3043762,2406079,editor,,
3043845,1864026,editor,,
3043876,1839319,editor,,
3043876,2052544,editor,,
3043923,1583381,editor,,
7436,1869439,editor,,(as Peter Adam)
3044183,930600,editor,,
3044183,1511377,editor,,
3044189,449595,editor,,
3044189,1010820,editor,,
3044214,1825147,editor,,
3044228,1810021,editor,,
3044228,1825570,editor,,
3044228,1981603,editor,,
3044228,1983128,editor,,
3044228,1984922,editor,,
3044228,1986260,editor,,
3044228,1998467,editor,,
3044228,2005364,editor,,
3044228,2018921,editor,,
3044228,2090451,editor,,
3044228,2157770,editor,,
3044228,2163447,editor,,
3044228,2249658,editor,,
3044228,2424344,editor,,
3044240,437581,editor,,
16398,1816319,editor,,
16398,2016670,editor,,
3044446,1933864,editor,,
19201,1754458,editor,,
19201,1839627,editor,,
19201,1924823,editor,,
19201,2157204,editor,,(as Eugene Ballaby)
"19201,2202915,editor,,(segment ""Sabato"")"
19201,932900,editor,,
3044487,1812340,editor,,
3044489,1729389,editor,,
20256,1709253,editor,,
2635795,1815445,editor,,
3044558,1621693,editor,,
3044558,1630321,editor,,
3044558,1657142,editor,,
3044558,1668381,editor,,
3044558,1775804,editor,,
3044558,1797752,editor,,
3044558,1810335,editor,,
3044558,1810472,editor,,
3044558,1811680,editor,,
3044558,1811722,editor,,
3044558,1811859,editor,,
3044558,1812289,editor,,
3044558,1813344,editor,,
3044558,1818190,editor,,
3044558,1825582,editor,,
3044558,1882319,editor,,
3044558,1963911,editor,,
3044558,1981325,editor,,
3044558,1984922,editor,,
3044558,1987135,editor,,
3044558,1988619,editor,,
3044558,1989049,editor,,
3044558,1994680,editor,,
3044558,1996495,editor,,
3044558,1997099,editor,,
3044558,1999660,editor,,
3044558,2003178,editor,,
3044558,2003281,editor,,
3044558,2003540,editor,,
3044558,2003555,editor,,
3044558,2003752,editor,,
3044558,2030170,editor,,
3044558,2032583,editor,,
3044558,2059300,editor,,
3044558,2064362,editor,,
3044558,2064973,editor,,
3044558,2133282,editor,,
3044558,2146284,editor,,
3044558,2185186,editor,,
3044558,2187848,editor,,
3044558,2189865,editor,,
3044558,2235358,editor,,
3044558,2405070,editor,,
3044558,2405764,editor,,
3044558,2428309,editor,,
2896756,1743253,editor,,
3044566,1738219,editor,,
22807,1614898,editor,,
22807,1642263,editor,,
22807,1650999,editor,,(as Ivan Aledo)
22807,1675993,editor,,
22807,1702796,editor,,
22807,1715628,editor,,
22807,1811266,editor,,(as Ivan Aledo)
22807,1812031,editor,,(as Ivan Aledo)
22807,1813140,editor,,(as Ivan G. Aledo)
22807,1813646,editor,,
22807,1815851,editor,,(as Ivan Aledo)
22807,1817630,editor,,
22807,1992301,editor,,
22807,1994081,editor,,
22807,2032383,editor,,
22807,2033420,editor,,
22807,2066972,editor,,
22807,2091632,editor,,
22807,2139981,editor,,
22807,2187961,editor,,
22807,2208241,editor,,
22807,2379750,editor,,
22807,2384430,editor,,
22807,2401441,editor,,
22807,2404552,editor,,
22807,1511398,editor,,
2765236,1709884,editor,,
2765236,1888745,editor,,
2765236,2114446,editor,,
2765236,2184262,editor,,
3044598,1739139,editor,,
3044609,1811588,editor,,
2635913,1914324,editor,,
3044610,2172159,editor,,
3044700,1724301,editor,,
29211,2275972,editor,,
3044894,1624341,editor,,
2636432,1993412,editor,,
2636432,2245579,editor,,
2636432,2392862,editor,,
3044929,795433,editor,,
31190,2137342,editor,,
3044934,2043898,editor,,
2897431,2058534,editor,,
3044935,1810963,editor,,
3044936,2192428,editor,,
2897434,2192428,editor,,
3044943,1622471,editor,,
3044943,1659843,editor,,
3044943,1716149,editor,,
3044943,1733161,editor,,
3044943,1801302,editor,,
3044943,1811136,editor,,
3044943,1811208,editor,,
3044943,1815387,editor,,
3044943,1944315,editor,,
3044943,1955516,editor,,
3044943,1987771,editor,,
3044943,1991893,editor,,
3044943,1992366,editor,,
3044943,1994022,editor,,
3044943,2003440,editor,,
3044943,2003758,editor,,
3044943,2009639,editor,,
3044943,2029526,editor,,
3044943,2043968,editor,,
3044943,2047319,editor,,
3044943,2051326,editor,,
3044943,2116022,editor,,
3044943,2196271,editor,,
3044943,2232203,editor,,
3044943,2384432,editor,,
3044943,2411115,editor,,
3044943,2465518,editor,,
31430,991679,editor,,(as Ángel Alonso Tomás)
3044955,2047682,editor,,
35950,1901631,editor,,
2765999,1810376,editor,,
3045177,1708155,editor,,
3045177,1730701,editor,,
3045177,1786529,editor,,
3045177,1872271,editor,,
3045177,1924890,editor,,
3045177,1985106,editor,,
3045177,2128123,editor,,
3045177,2219900,editor,,(as Jeffrey Bogart)
3045177,2396849,editor,,
3045181,1862269,editor,,
36440,1652857,editor,,
36440,1741216,editor,,
36440,2428341,editor,,
36440,930599,editor,,
3045272,1988674,editor,,
3045425,1592462,editor,,
3045574,2105936,editor,,
3045574,2465399,editor,,
2898663,2184386,editor,,
2898726,2070420,editor,,
3045627,2078667,editor,,
46527,1629887,editor,,
48725,2167176,editor,,
3045772,2235301,editor,,
2766782,2198776,editor,,
3045782,2043902,editor,,
1715881,2043902,editor,,
3045858,1620461,editor,,
3045858,1717646,editor,,(as J. Mª A. Gaya)
3045858,1808305,editor,,
3045858,1812546,editor,,
3045858,1815406,editor,,(as José Mª Aragonés)
3045858,1983556,editor,,
3045858,1992078,editor,,
3045858,1994618,editor,,(as Josep Maria Aragonés)
3045858,2003184,editor,,
3045858,2049668,editor,,
3045858,2111178,editor,,(as Josep Mª Aragonés)
3045858,2206042,editor,,
3045858,2229412,editor,,
3045858,2245503,editor,,
3045858,2284571,editor,,
3045858,2415907,editor,,
3045858,2421017,editor,,
3045926,2411142,editor,,
52834,2167176,editor,,
2638158,326986,editor,,(1999-2013)
3046002,1721547,editor,,
3046002,1811433,editor,,
3046002,1814512,editor,,
3046002,980582,editor,,
3046035,1711269,editor,,
3046035,2127834,editor,,
3046035,2188815,editor,,
3046077,1997253,editor,,
3046077,2113034,editor,,
59213,1998608,editor,,
3046223,1851898,editor,,(as Juan Carlos R. Arroyo)
3046223,1987114,editor,,
3046223,2033625,editor,,
3046223,2407052,editor,,
3046223,188406,editor,,
3046223,196409,editor,,
3046223,196410,editor,,
3046223,196415,editor,,
3046223,196421,editor,,
3046223,196422,editor,,
3046223,196440,editor,,
3046223,196448,editor,,
3123477,336342,miscellaneous crew,,(production assistant) (1994)
1222,1626547,miscellaneous crew,,(gunsmith)
3123556,1129852,miscellaneous crew,,(dancer) (1990)
3123556,1498036,miscellaneous crew,,(dancer) (1987)
1688261,1695384,miscellaneous crew,,(collaborator)
3123762,2342329,miscellaneous crew,,(location manager)
3123767,1813076,miscellaneous crew,,(script supervisor)
3123767,2197946,miscellaneous crew,,(script supervisor)
3124034,1788085,miscellaneous crew,,(coordinator)
3124048,1646782,miscellaneous crew,,(production administrator)
3124143,2065634,miscellaneous crew,,(collaborator)
3622,2026283,miscellaneous crew,,(making-of)
3124169,2219175,miscellaneous crew,,(production assistant)
"4001,2385622,miscellaneous crew,,(coach: ""Zola"")"
3124390,2349614,miscellaneous crew,,(production secretary)
4715,2032489,miscellaneous crew,,(screenplay supervisor)
3124576,1514312,miscellaneous crew,,(script supervisor)
3124590,1861776,miscellaneous crew,,(production secretary) (as Lucía Abril)
3124592,1995755,miscellaneous crew,,(press)
3124592,1996495,miscellaneous crew,,(press attache)
3124592,1996495,miscellaneous crew,,(public relations)
3124592,2105002,miscellaneous crew,,(production assistant)
3124592,2405070,miscellaneous crew,,(public relations)
3124595,1678223,miscellaneous crew,,(administration staff)
4967,2100790,miscellaneous crew,,(collaborator)
3124688,1825152,miscellaneous crew,,(production assistant)
5362,1834737,miscellaneous crew,,(making-of)
3124721,1707610,miscellaneous crew,,(collaborator)
5509,2240570,miscellaneous crew,,(voice dubbing: John Battaglia)
3124773,1618764,miscellaneous crew,,(production assistant)
3124773,1847407,miscellaneous crew,,(production secretary)
3124828,1810104,miscellaneous crew,,(production assistant)
3125032,1812190,miscellaneous crew,,(set medic)
6604,1810104,miscellaneous crew,,(script supervisor) (as Damián Acosta)
6682,2076750,miscellaneous crew,,(dancer)
3125088,1695384,miscellaneous crew,,(collaborator)
3125559,2342329,miscellaneous crew,,(dialogue coach)
2895439,1928209,miscellaneous crew,,(set production assistant)
3125932,1905728,miscellaneous crew,,(trainee)
3126145,1625735,miscellaneous crew,,(translator)
3126241,1743433,miscellaneous crew,,(assistant to director)
3044103,1834213,miscellaneous crew,,(production assistant)
3126333,1622930,miscellaneous crew,,(production secretary: Madrid)
3126333,1637979,miscellaneous crew,,(collaborator)
3126333,1638192,miscellaneous crew,,(production secretary)
3126333,2384487,miscellaneous crew,,(collaborator)
3126337,1815851,miscellaneous crew,,(production secretary)
3126337,2139981,miscellaneous crew,,(production coordinator)
11574,1846555,miscellaneous crew,,(motion picture banking)
11574,2351992,miscellaneous crew,,(financial support)
3126591,2283781,miscellaneous crew,,(jewellery)
3126803,1981498,miscellaneous crew,,(script supervisor)
3126803,726210,miscellaneous crew,,(assistant to director)
3126806,1638170,miscellaneous crew,,(continuity)
12851,2455637,miscellaneous crew,,(voice dubbing: Emilio Linder) (uncredited)
3126842,1989698,miscellaneous crew,,(script supervisor) (as Susana Agraz Cabaña)
3126870,1810207,miscellaneous crew,,(projectionist)
3126870,785308,miscellaneous crew,,(production assistant) (as M. Aguado)
3126875,863572,miscellaneous crew,,(production team) (1994)
3126875,1089379,miscellaneous crew,,(production team) (1992)
1694303,840165,miscellaneous crew,,(documentalist)
3126878,1089379,miscellaneous crew,,(production team)
3126894,785308,miscellaneous crew,,(gunsmith)
3126896,1810427,miscellaneous crew,,(gunsmith)
2635100,2174307,miscellaneous crew,,(script supervisor)
3127003,2134601,miscellaneous crew,,(production assistant)
1694600,2244635,miscellaneous crew,,(collaborator)
3127042,1998362,miscellaneous crew,,(press and publicity)
3127047,336342,miscellaneous crew,,(production assistant) (1994)
13655,2191355,miscellaneous crew,,(script supervisor)
3127081,1715216,miscellaneous crew,,(laboratory director)
3127081,1892346,miscellaneous crew,,(technical director)
3127081,1990599,miscellaneous crew,,(laboratory director)
3127081,2140133,miscellaneous crew,,(laboratory technician)
3127081,2283781,miscellaneous crew,,(laboratory technician)
3127081,2284796,miscellaneous crew,,(laboratory technician)
3127081,2384467,miscellaneous crew,,(laboratory director)
3127084,2283781,miscellaneous crew,,(script supervisor)
1694709,2283781,miscellaneous crew,,(script supervisor)
3127086,1628010,miscellaneous crew,,(title designer)
3127086,980578,miscellaneous crew,,(title designer)
3127086,980581,miscellaneous crew,,(title designer)
3127087,2265155,miscellaneous crew,,(administrator)
3127102,1796796,miscellaneous crew,,(assistant accountant)
13804,1822803,miscellaneous crew,,(production assistant)
3127111,1810207,miscellaneous crew,,(title designer)
3127119,2400217,miscellaneous crew,,(production assistant)
3127189,2277999,miscellaneous crew,,(secretary)
15229,2032383,miscellaneous crew,,(production coordinator: Finland)
3127512,2005222,miscellaneous crew,,(production assistant)
3127543,2277999,miscellaneous crew,,(production assistant)
3127561,325266,miscellaneous crew,,(production assistant) (1992)
3127688,2123789,miscellaneous crew,,(assistant production coordinator)
15927,776659,miscellaneous crew,,(historical advisor)
3127771,336342,miscellaneous crew,,(production assistant) (1994)
3127774,1811588,miscellaneous crew,,(press attache)
3128271,1928209,miscellaneous crew,,(set production assistant)
3128550,2394438,miscellaneous crew,,(wrangler)
3128630,1999233,miscellaneous crew,,(production staff)
19855,2424101,miscellaneous crew,,(additional voices) (spanish version) (uncredited)
3128636,1440225,miscellaneous crew,,(special effects editor)
3128639,1736724,miscellaneous crew,,(administrator)
3128639,1892099,miscellaneous crew,,(administrator) (as Salvador Alarcon)
3128639,1993630,miscellaneous crew,,(administrator)
3128639,2051515,miscellaneous crew,,(administrator) (as Salvador Alarcon)
3128655,1812289,miscellaneous crew,,(script supervisor)
3128670,618992,miscellaneous crew,,(production secretary)
3128698,1993269,miscellaneous crew,,(historical advisor)
3128700,2015092,miscellaneous crew,,(caterer)
20217,2465586,miscellaneous crew,,(second production assistant)
3128762,1811811,miscellaneous crew,,(payroll)
3128770,1743253,miscellaneous crew,,(press attache)
3128770,2406628,miscellaneous crew,,(press attache)
3128770,2406628,miscellaneous crew,,(press promotion)
3128775,1712673,miscellaneous crew,,(production assistant) (as Ricardo Albarran)
3128775,1815698,miscellaneous crew,,(second production assistant)
3128775,2033850,miscellaneous crew,,(stage manager) (as José Ricardo Albarrán)
3128775,2146285,miscellaneous crew,,(stage manager) (as Jose Ricardo Albarran)
20452,1770448,miscellaneous crew,,(production assistant) (as Victor Albarran)
20452,1801623,miscellaneous crew,,(production assistant) (as Victor Albarran)
20452,1815698,miscellaneous crew,,(production assistant)
20452,1840042,miscellaneous crew,,(production assistant)
20452,2048619,miscellaneous crew,,(production assistant) (as Victor Albarran)
20452,2465345,miscellaneous crew,,(production coordinator) (uncredited)
3128792,1592462,miscellaneous crew,,(location manager)
3128800,1869439,miscellaneous crew,,(gunsmith)
3128800,1881270,miscellaneous crew,,(gunsmith)
3128872,2393951,miscellaneous crew,,(production assistant)
3128888,1903650,miscellaneous crew,,(making-of)
3128889,2393951,miscellaneous crew,,(direction assistant)
20871,1903650,miscellaneous crew,,(production assistant)
3128959,2048620,miscellaneous crew,,(legal advisor)
3129085,1892099,miscellaneous crew,,(production assistant) (as Jose M. Albuerne)
21677,1712352,miscellaneous crew,,(collaborator) (as Jose Luis Alcaine)
3129126,2076750,miscellaneous crew,,(production secretary)
3129126,2258984,miscellaneous crew,,(production secretary)
3129139,2123789,miscellaneous crew,,(wrangler)
3129159,2030081,miscellaneous crew,,(production staff)
3129159,2065079,miscellaneous crew,,(administrator)
21890,1712352,miscellaneous crew,,(realization collaborator)
3129195,1637904,miscellaneous crew,,(production secretary: Lisbon)
3129197,1831582,miscellaneous crew,,(production secretary)
3129248,1797752,miscellaneous crew,,(tapestry)
3129273,1743373,miscellaneous crew,,(title designer)
3129333,2277999,miscellaneous crew,,(legal services)
22848,1675802,miscellaneous crew,,(collaborator)
22848,2400217,miscellaneous crew,,(collaborator)
3129447,1986567,miscellaneous crew,,(seamster)
3129512,2069986,miscellaneous crew,,(laboral advisor)
1699749,2145421,miscellaneous crew,,(location manager)
23439,1708579,miscellaneous crew,,(voice dubbing: Peter Ustinov: )
1700674,2053625,miscellaneous crew,,(production secretary)
24897,1939081,miscellaneous crew,,(child acting coach)
3130045,1592462,miscellaneous crew,,(interpreter)
3130046,2040824,miscellaneous crew,,(financial director)
3130046,2154920,miscellaneous crew,,(financial advisor)
3130051,1702799,miscellaneous crew,,(production secretary)
3130051,1702799,miscellaneous crew,,(script supervisor)
3130051,1749109,miscellaneous crew,,(script girl)
3130051,1749619,miscellaneous crew,,(script supervisor)
3130051,1814671,miscellaneous crew,,(script supervisor)
3130051,1825080,miscellaneous crew,,(script)
3130051,1898312,miscellaneous crew,,(script supervisor)
3130051,2006969,miscellaneous crew,,(script supervisor)
3130051,2032622,miscellaneous crew,,(script girl)
3130051,2032841,miscellaneous crew,,(script supervisor)
3130051,2033135,miscellaneous crew,,(script supervisor)
3130051,2057951,miscellaneous crew,,(script supervisor)
3130051,2174922,miscellaneous crew,,(script supervisor)
3130051,2384490,miscellaneous crew,,(script supervisor)
3130051,2455671,miscellaneous crew,,(script supervisor)
3130051,2465498,miscellaneous crew,,(script supervisor)
3130456,1795133,miscellaneous crew,,(production assistant)
3130456,2465692,miscellaneous crew,,(production assistant)
3130503,1592462,miscellaneous crew,,(physiotherapist)
3131098,2123789,miscellaneous crew,,(travel coordinator) (as Tammy Allen)
3131146,2465786,miscellaneous crew,,(production assistant) (as Millan Allende)
3131155,2050763,miscellaneous crew,,(production trainee) (as Alicia Allepuz)
3131155,2465650,miscellaneous crew,,(production assistant)
3131229,1905728,miscellaneous crew,,(title designer)
3131476,1999393,miscellaneous crew,,(production assistant)
3131510,718348,miscellaneous crew,,(general supervisor) (1989)
1703992,1695384,miscellaneous crew,,(collaborator)
1704014,2379203,miscellaneous crew,,(choreographer)
1704014,2467991,miscellaneous crew,,(choreographer)
3131563,1628010,miscellaneous crew,,(production assistant)
3131566,2123789,miscellaneous crew,,(armorer) (as Jesus Almontes)
3131622,1822973,miscellaneous crew,,(gardener)
2897415,2050370,miscellaneous crew,,(production assistant)
3131624,1813177,miscellaneous crew,,(production assistant) (as Ana Alonso de Medina)
3131632,1714668,miscellaneous crew,,(production assistant)
3131634,1815123,miscellaneous crew,,(historical advisor)
3131647,1643583,miscellaneous crew,,(script supervisor)
3131647,1656476,miscellaneous crew,,(script supervisor)
3131647,1688521,miscellaneous crew,,(script supervisor)
3131647,1754698,miscellaneous crew,,(script supervisor)
3131647,1878168,miscellaneous crew,,(script supervisor)
3131647,1878469,miscellaneous crew,,(script supervisor)
3131647,1992335,miscellaneous crew,,(script supervisor)
3131647,2042153,miscellaneous crew,,(script supervisor)
3131647,2089647,miscellaneous crew,,(script supervisor)
3131647,2113034,miscellaneous crew,,(script supervisor)
3131647,2114201,miscellaneous crew,,(script supervisor)
3131647,2219433,miscellaneous crew,,(script supervisor)
3131651,1987334,miscellaneous crew,,(gardener)
3131651,2091553,miscellaneous crew,,(gardener) (as F. Alonso)
3131651,2466485,miscellaneous crew,,(gardener)
3131661,1635159,miscellaneous crew,,(second production assistant) (as Jesús Alonso Catalán)
3131661,1939081,miscellaneous crew,,(production assistant)
3131661,2285096,miscellaneous crew,,(production assistant)
3131661,2406628,miscellaneous crew,,(production assistant)
3131667,1992370,miscellaneous crew,,(production accountant)
3131677,1637979,miscellaneous crew,,(administration staff)
3131677,1693027,miscellaneous crew,,(administrator)
3131677,1720081,miscellaneous crew,,(administrator)
3131677,1810207,miscellaneous crew,,(administrator)
3131677,1812609,miscellaneous crew,,(administrator)
3131677,1822884,miscellaneous crew,,(administrator)
3131677,1937095,miscellaneous crew,,(administrator)
3131677,2033045,miscellaneous crew,,(production assistant)
3131677,2051326,miscellaneous crew,,(administrator)
3131677,2076750,miscellaneous crew,,(production assistant)
3131677,2091632,miscellaneous crew,,(administrator)
3131677,2110140,miscellaneous crew,,(administrator)
3131677,2145433,miscellaneous crew,,(production administrator)
3131677,2157646,miscellaneous crew,,(administrator)
3131677,2232203,miscellaneous crew,,(administrator)
3131677,2384134,miscellaneous crew,,(cashier)
3131677,2384487,miscellaneous crew,,(administrator)
3131677,2465650,miscellaneous crew,,(administrator)
3131677,2466301,miscellaneous crew,,(administrator)
3131677,785308,miscellaneous crew,,(administrator)
3131692,1637871,miscellaneous crew,,(unit car)
31386,1656070,miscellaneous crew,,(press)
31386,2154920,miscellaneous crew,,(press)
3131695,2126520,miscellaneous crew,,(production assistant)
3131695,2243643,miscellaneous crew,,(production trainee)
3131704,2091632,miscellaneous crew,,(public relations)
3131710,1810176,miscellaneous crew,,(collaborator)
1704354,1749641,miscellaneous crew,,(production assistant) (as Lucía Alonso-Allende)
3131713,1834737,miscellaneous crew,,(production assistant)
1704434,1608164,miscellaneous crew,,(marketing)
3131807,1934983,miscellaneous crew,,(production assistant)
3044978,1669508,miscellaneous crew,,(positiv assembler)
3131939,2144984,miscellaneous crew,,(production assistant)
3131939,2268620,miscellaneous crew,,(production assistant)
3132125,2179385,miscellaneous crew,,(production accountant)
3132207,1592462,miscellaneous crew,,(security supervisor)
33450,1621774,miscellaneous crew,,(publicist)
33450,1821017,miscellaneous crew,,(publicist)
2894729,2000202,producer,,(producer)
1160,2065193,producer,,(executive producer)
2894784,2090248,producer,,(producer)
1188,2169085,producer,,(producer)
3645509,1696049,producer,,(producer)
3450,762726,producer,,(producer)
3645586,1637878,producer,,(producer)
4394,1923367,producer,,(producer: DR TV)
4954,1994180,producer,,(assistant producer)
3124592,1811722,producer,,(assistant producer)
2895147,317731,producer,,(producer)
2634564,2406769,producer,,(co-producer)
3645894,1881572,producer,,(associate producer)
3645957,1741427,producer,,(producer)
3645957,2044142,producer,,(producer)
2895311,2404550,producer,,(producer)
6736,2404191,producer,,(producer)
3646002,250146,producer,,(executive producer)
2895548,2356967,producer,,(executive producer)
3646498,2161133,producer,,(producer)
3646592,1817924,producer,,(executive producer: Portugal)
12918,1816224,producer,,(producer)
3646794,2129660,producer,,(associate producer)
3646803,1815814,producer,,(executive producer)
13233,2172605,producer,,(producer)
13655,1622029,producer,,(executive producer)
3646869,1813076,producer,,(associate producer)
3646888,1826373,producer,,(producer)
13780,1814593,producer,,(executive producer)
3646890,1792795,producer,,(associate producer)
3646890,1947512,producer,,(producer)
3646890,2244674,producer,,(producer)
3646890,736246,producer,,(executive producer)
13885,1993947,producer,,(executive producer)
2896121,1985106,producer,,(producer) (as Federico J. Aicardi)
2896121,2049427,producer,,(executive producer)
17197,1746930,producer,,(executive producer)
17197,1797002,producer,,(executive producer)
17197,2452968,producer,,(executive producer)
2896491,1901318,producer,,(co-producer)
3647592,2033324,producer,,(executive producer)
3647592,2268620,producer,,(producer)
20445,2421624,producer,,(assistant producer)
3128775,1866863,producer,,(producer)
20452,2051462,producer,,(line producer)
20452,2207361,producer,,(line producer: prep)
3128792,1813978,producer,,(producer)
3128794,1792750,producer,,(delegate producer: TVE) (as José María F. Albendi)
3128794,2207361,producer,,(delegate producer)
3128794,30089,producer,,(producer) (as José María Fernández Albendi)
2896620,2005479,producer,,(producer)
3129159,1818191,producer,,(delegate producer)
3129165,2275972,producer,,(associate producer)
3129185,1933864,producer,,(producer)
2896741,197854,producer,,(producer)
3129250,30089,producer,,(producer)
2896756,1743253,producer,,(executive producer)
2896756,1743253,producer,,(producer)
2896756,1813306,producer,,(executive producer)
3647844,1227648,producer,,(producer)
3647940,463830,producer,,(producer)
3647949,1627941,producer,,(producer)
3647949,1629571,producer,,(producer)
3647949,1739348,producer,,(associate producer)
3647949,1811428,producer,,(executive producer)
3647949,1812546,producer,,(producer)
3647949,1815112,producer,,(producer)
3647949,1832373,producer,,(producer)
3647949,1946228,producer,,(associate producer)
3647949,2221200,producer,,(executive producer)
3647949,2426452,producer,,(executive producer)
23427,1626356,producer,,(co-producer)
3648044,1602094,producer,,(producer)
3648044,1693027,producer,,(associate producer)
3648044,1708155,producer,,(producer)
3648044,1869439,producer,,(producer) (as Juan Alexander Couret)
3648044,2250391,producer,,(producer)
3648132,2135991,producer,,(producer)
3648197,2274694,producer,,(executive producer)
3648197,2406650,producer,,(line producer)
26383,2105332,producer,,(producer)
3130522,2342329,producer,,(co-producer)
3648409,1927064,producer,,(producer)
3648620,2245579,producer,,(producer)
30834,1619941,producer,,(producer)
30834,1715216,producer,,(executive producer) (as Agustin Almodovar)
30834,1969146,producer,,(executive producer)
30834,1990599,producer,,(executive producer)
30834,1992318,producer,,(associate producer) (as Agustin Almodovar)
30834,2012099,producer,,(producer)
30834,2065184,producer,,(associate producer)
30834,2083038,producer,,(executive producer)
30834,2140133,producer,,(producer)
30834,2274988,producer,,(executive producer)
30834,2283781,producer,,(executive producer)
30834,2384467,producer,,(executive producer)
30834,2466485,producer,,(executive producer)
30839,1619941,producer,,(producer)
30839,2000343,producer,,(producer)
30839,2065184,producer,,(associate producer)
30839,2083038,producer,,(producer)
30839,2147043,producer,,(producer)
30839,2225368,producer,,(producer)
3131607,726210,producer,,(executive producer)
2897415,2050370,producer,,(assistant producer)
3648839,411948,producer,,(producer)
31900,1670491,producer,,(executive producer) (as Jorge Alsina Galiana)
3649004,1638192,producer,,(associate producer)
33450,36196,producer,,(consulting producer)
2636676,1940108,producer,,(co-producer) (as Víctor M. Álvarez)
33711,1923367,producer,,(producer: Nordic Film & TV Fund)
2897740,2208452,producer,,(line producer)
3649286,1718403,producer,,(associate producer)
3649286,1818824,producer,,(producer)
3649290,1647723,producer,,(producer)
3649290,1856676,producer,,(producer)
3132771,1647723,producer,,(producer)
3132771,1716732,producer,,(producer)
3132771,1856676,producer,,(executive producer)
3649293,1647723,producer,,(producer)
3649293,1716732,producer,,(producer)
35407,2147643,producer,,(associate producer)
35950,2285096,producer,,(associate producer)
1707287,1619211,producer,,(associate producer)
3133127,1814235,producer,,(chief producer)
3133127,2003169,producer,,(producer)
36414,1608156,producer,,(producer)
36414,1637904,producer,,(associate producer)
36414,1642263,producer,,(producer)
36414,1792712,producer,,(producer)
36414,1813140,producer,,(producer)
36414,1990866,producer,,(producer)
36414,1991101,producer,,(producer)
36414,2039542,producer,,(co-producer)
36414,2045895,producer,,(producer)
36414,2187961,producer,,(producer)
36414,2215301,producer,,(producer)
36414,2235339,producer,,(co-producer)
36414,2273791,producer,,(producer)
36414,2384436,producer,,(producer)
3649441,1821509,producer,,(producer)
3649441,1940108,producer,,(line producer)
37316,950319,producer,,(producer)
37513,1994865,producer,,(executive producer) (as Josep Lluis Amposta)
37513,2202185,producer,,(chief producer)
3649703,522327,producer,,(assistant producer)
38969,2051022,producer,,(associate producer)
3649835,2062221,producer,,(associate producer)
1711366,2039542,producer,,(executive producer)
1711367,727095,producer,,(producer)
3650196,1739348,producer,,(producer)
3650347,839229,producer,,(producer)
45868,2035239,producer,,(associate producer)
1713884,1637904,producer,,(associate producer)
3136135,2355110,producer,,(co-executive producer)
47878,1737908,producer,,(producer)
47878,1815822,producer,,(producer)
3136483,1651248,producer,,(line producer)
2863181,1710808,producer,,(producer)
2863181,1822974,producer,,(executive producer)
51922,1811016,producer,,(executive producer)
51922,1811016,producer,,(producer)
51953,1810246,producer,,(producer)
3651169,1965123,producer,,(producer)
2766941,1991830,producer,,(producer)
3137743,1667109,producer,,(executive producer)
53534,1813076,producer,,(executive producer)
2899488,1635958,producer,,(co-producer)
53622,1790558,producer,,(producer)
2638158,326986,producer,,(co-executive producer) (1999-2013)
2638158,725022,producer,,(co-executive producer)
3138513,2208452,producer,,(producer)
2638245,1991101,producer,,(producer)
3651537,980573,producer,,(associate producer)
3651537,980575,producer,,(associate producer)
3651537,980576,producer,,(producer)
3651537,980578,producer,,(producer)
3651537,980581,producer,,(associate producer)
55451,2054383,producer,,(producer)
55451,2405396,producer,,(producer)
2899661,2207361,producer,,(producer)
56224,1714233,producer,,(producer)
56463,1628069,producer,,(executive producer)
2899818,1965138,producer,,(producer)
2899818,2067636,producer,,(producer)
2899818,2078545,producer,,(producer)
1720251,2284796,producer,,(producer: Bosnia)
58446,2038830,producer,,(producer)
3651992,1992370,producer,,(producer: Euskal Media)
3651992,2273791,producer,,(delegate producer: Alta Films)
3651992,521429,producer,,(executive producer) (1996)
3652049,1638565,producer,,(producer)
3140036,1812842,producer,,(producer)
3140060,2273556,producer,,(producer)
3652130,1992248,producer,,(senior producer)
3652213,1777055,producer,,(producer)
61710,1612094,producer,,(producer)
61710,1637991,producer,,(producer)
61710,1997253,producer,,(executive producer)
61710,2114201,producer,,(producer)
61710,2428341,producer,,(producer)
61710,2465612,producer,,(producer)
3652635,1786362,producer,,(delegate producer)
3652636,1650998,producer,,(producer)
64790,727095,producer,,(executive producer)
64794,1815790,producer,,(producer)
64794,1991940,producer,,(producer)
64794,2064125,producer,,(executive producer)
64794,2077950,producer,,(executive producer)
64794,2078098,producer,,(producer)
64794,2337100,producer,,(co-producer)
3652695,2030139,producer,,(co-producer)
3141861,2136490,producer,,(associate producer) (as Judith Atwell Mullen)
3653032,925672,producer,,(executive producer)
68064,1630450,producer,,(producer)
68064,2021497,producer,,(line producer)
2639409,2424061,producer,,(executive producer)
70967,1709262,producer,,(producer)
70967,1775720,producer,,(producer)
3653441,981183,producer,,(executive producer)
3653459,1644005,producer,,(executive producer)
3653525,2126520,producer,,(associate producer)
3653584,1993630,producer,,(associate producer)
3653593,806767,producer,,(producer)
2901165,1788553,producer,,(producer)
1730175,1814050,producer,,(producer)
3654017,1614898,producer,,(associate producer)
2639917,1614898,producer,,(associate producer)
3144617,1716480,producer,,(producer)
3144617,1811146,producer,,(producer)
3145385,1677423,producer,,(executive producer)
79883,1628686,producer,,(executive producer)
3654477,1993131,producer,,(associate producer)
82362,2033633,producer,,(associate producer)
82364,1621693,producer,,(producer)
82364,1655349,producer,,(producer)
82364,1984226,producer,,(producer)
82364,2016078,producer,,(producer)
82364,2047217,producer,,(producer)
82364,2160830,producer,,(producer)
82364,2182655,producer,,(producer)
82364,2407230,producer,,(producer)
82364,2465551,producer,,(producer)
3654779,1628021,producer,,(producer)
3654779,2065262,producer,,(producer)
1734385,1813593,producer,,(associate producer)
3654798,1858631,producer,,(executive producer)
2902044,1813913,producer,,(executive producer) (as Jesús Balcázar)
2902044,1815406,producer,,(executive producer) (as J. Jesús Balcázar)
2902044,1989227,producer,,(executive producer)
3846087,2030139,production designer,,
3846215,2407153,production designer,,
3846219,2000215,production designer,,
2895889,1709074,production designer,,(as José Luis Aguilar Gil)
2862538,1664435,production designer,,(as Abdelkrim Akellach)
19840,1629182,production designer,,
19840,1998969,production designer,,
19840,2032528,production designer,,
19840,2128273,production designer,,
19840,2436963,production designer,,
19840,751431,production designer,,(as Enrique Alarcón Sánchez)
3846297,1709137,production designer,,
3846297,1742532,production designer,,(as Jose Maria Alarcon)
2765077,1941512,production designer,,(as S. Alarcón)
3846298,1976851,production designer,,
3846298,2105002,production designer,,
21043,1813140,production designer,,
3846318,2100790,production designer,,
30839,2000343,production designer,,
3846452,1711142,production designer,,
3846452,2111370,production designer,,
3846457,1813239,production designer,,
3846461,1814565,production designer,,
3846463,1993131,production designer,,
2862780,1716732,production designer,,
2862780,1824323,production designer,,
3846501,1599808,production designer,,
1705505,1983697,production designer,,
1705505,1987549,production designer,,(as Ana Alvargonzalez)
1705505,2218140,production designer,,
1705505,2406998,production designer,,
3132716,276978,production designer,,
3846523,1749243,production designer,,
35658,2145126,production designer,,
1707024,1756366,production designer,,
1707024,1995860,production designer,,
44487,1779648,production designer,,
44487,1815253,production designer,,
44487,1819026,production designer,,
44487,1941512,production designer,,(as G. Andres)
44487,1994056,production designer,,
44487,2100772,production designer,,
44487,2222144,production designer,,
44487,2339445,production designer,,
44487,2455693,production designer,,
2863181,1710808,production designer,,
2863181,1813568,production designer,,
2863181,1822974,production designer,,
2863186,1813177,production designer,,
2863186,1822973,production designer,,
2863186,2091553,production designer,,
3138263,1792750,production designer,,
3138263,1815123,production designer,,
3138263,1898312,production designer,,
3138263,1996576,production designer,,
3138263,2000035,production designer,,
3138263,2089568,production designer,,
3138263,2384134,production designer,,
2863239,1998969,production designer,,
2863239,1999204,production designer,,
2863239,2207750,production designer,,
2863239,2426478,production designer,,
2863239,1145332,production designer,,
3846863,1810376,production designer,,
3846873,1743431,production designer,,
3846899,1633114,production designer,,
3846912,1813344,production designer,,
3846912,2038277,production designer,,
59143,1810112,production designer,,
59143,2191355,production designer,,
1721283,2032383,production designer,,
59403,1619941,production designer,,
59403,1656320,production designer,,
59403,1811883,production designer,,
59403,2082775,production designer,,
59403,2145421,production designer,,
60418,1826393,production designer,,
60418,2415962,production designer,,
3847158,1690943,production designer,,
3847175,2032374,production designer,,
77925,1827932,production designer,,
79443,1817801,production designer,,
79443,2047685,production designer,,
79443,2089608,production designer,,
79443,2250391,production designer,,
2863873,2008482,production designer,,
2640878,2310478,production designer,,
90735,2163395,production designer,,
2864077,1709262,production designer,,
3048136,1739384,production designer,,
3048136,1993298,production designer,,
2864093,1856676,production designer,,
104295,348749,production designer,,
3847616,1601293,production designer,,
1749511,2264385,production designer,,
114170,1865755,production designer,,
114170,1993919,production designer,,
114170,2424101,production designer,,
114170,2465585,production designer,,
3156353,1815698,production designer,,
3847792,2000215,production designer,,
1760119,1947455,production designer,,
1760119,2054010,production designer,,
2864636,1920779,production designer,,
134818,1619941,production designer,,(as Biafra)
134818,1656320,production designer,,
134818,1811883,production designer,,
134818,2082775,production designer,,
134818,2145421,production designer,,(as Biafra) (as Arturo García Biafra)
3848177,1812289,production designer,,
3848195,1818685,production designer,,
3848203,1614898,production designer,,
3848203,1813306,production designer,,
3848203,2151538,production designer,,
2773130,1724301,production designer,,
1776234,2385622,production designer,,
2646117,2180858,production designer,,
164456,1819873,production designer,,
164456,1878518,production designer,,
164456,1994419,production designer,,
164456,2033420,production designer,,
164456,2400217,production designer,,
3171565,980578,production designer,,
1785234,1936047,production designer,,
174878,1589772,production designer,,(as Maria Jose Branco)
174878,1630102,production designer,,
174878,1981103,production designer,,
3848688,923400,production designer,,
3848718,1839587,production designer,,
3848718,1992078,production designer,,(as Yves Brouer)
3848718,2013052,production designer,,
3848734,2457961,production designer,,
2865974,2393951,production designer,,
3848941,2003345,production designer,,
205338,1655450,production designer,,
205338,1810144,production designer,,
205338,1812609,production designer,,
205338,1815657,production designer,,
205338,1944315,production designer,,
205338,1981498,production designer,,
205338,1992547,production designer,,(as Wolfgang Burman)
205338,1997166,production designer,,
205338,2009639,production designer,,
205338,2065184,production designer,,
205338,2065229,production designer,,(as Wolfgang Burman)
205338,2185474,production designer,,
205338,2243643,production designer,,
205338,2285096,production designer,,
205338,2384049,production designer,,(as Wolwgang Burman)
214309,2208452,production designer,,
3849115,2007178,production designer,,
2866324,1677104,production designer,,
2776810,2467428,production designer,,
3849256,1995755,production designer,,
225606,2285520,production designer,,
3849262,980576,production designer,,
3849298,1708155,production designer,,(as Walter Caprara)
3849298,1990000,production designer,,(as Walter Caprara)
2914639,2043898,production designer,,
233937,1987982,production designer,,
235347,1212765,production designer,,
3849411,1212765,production designer,,
235459,2187968,production designer,,
3194211,1638165,production designer,,
239514,1814773,production designer,,
3849485,2105847,production designer,,
3849488,1690943,production designer,,
243630,1963911,production designer,,
3849529,1963911,production designer,,
3849601,1926238,production designer,,
3849611,1599119,production designer,,
250202,1993630,production designer,,
3202267,2282191,production designer,,
266086,1984234,production designer,,
2867266,1718403,production designer,,
2867266,1810455,production designer,,
2867266,1814067,production designer,,
2867266,2128381,production designer,,
2867266,2197368,production designer,,
266647,1982036,production designer,,
1837148,1812190,production designer,,
1837148,2167368,production designer,,
3056389,1833042,production designer,,
276206,1969576,production designer,,(as Tomas Zimadevilla)
2867506,932900,production designer,,
3056835,2040824,production designer,,
3850261,1813811,production designer,,
3850261,2464037,production designer,,
1849396,2452953,production designer,,
3850325,1815903,production designer,,
2781007,1963911,production designer,,
2867816,2051619,production designer,,
3850344,276976,production designer,,
306574,2405070,production designer,,
2868036,1997590,production designer,,
2868036,2033818,production designer,,
2868036,2051521,production designer,,
2868036,2379747,production designer,,
2868069,1748767,production designer,,
2868216,2404593,production designer,,
3682222,1690943,production designer,,
3850721,2007178,production designer,,
2868375,1985106,production designer,,(as Gianfranco Cuppini)
1872474,1992268,production designer,,
3850877,2089958,production designer,,
2868547,1724618,production designer,,
3851106,2144618,production designer,,
355514,1623433,production designer,,
356258,923400,production designer,,
357354,2113636,production designer,,(as Jasmin de Matos)
357354,2187961,production designer,,(as Jasmin de Matos)
3231095,2126537,production designer,,
3851214,2030081,production designer,,
3851334,1992248,production designer,,
3851369,980578,production designer,,
3851392,1677104,production designer,,
3851461,2157204,production designer,,
376874,1998362,production designer,,
3851596,2140268,production designer,,
2869593,2140007,production designer,,
3851763,1765285,production designer,,(as Norman B. Dodge Jr.)
3851776,751431,production designer,,
399096,1717720,production designer,,
399096,1814290,production designer,,
399096,730781,production designer,,
399096,1465253,production designer,,
2928756,1928326,production designer,,
3851912,1629182,production designer,,
415125,2046499,production designer,,
415259,2168981,production designer,,
416240,2012099,production designer,,
417501,1696049,production designer,,
3249000,1646782,production designer,,
421798,2356967,production designer,,
1936101,2126530,production designer,,(as Mª Eugenia Escrivá)
3696332,2205581,production designer,,
3852476,1818191,production designer,,(as Josep María Espada)
3852476,1891668,production designer,,
3852476,1997470,production designer,,
3852476,1998279,production designer,,
2870569,1983555,production designer,,
3852483,2078667,production designer,,
3852486,1718645,production designer,,
2870597,1669556,production designer,,
2870597,1813574,production designer,,
2870597,1858324,production designer,,
2870597,1989698,production designer,,(as Julio Estéban)
2870597,2054035,production designer,,
2870597,2183870,production designer,,
2870597,2201796,production designer,,
2894729,2000202,writer,,(writer)
1160,2065193,writer,,(screenplay)
2894784,2090248,writer,,
1188,1741216,writer,,(screenplay)
1188,2169085,writer,,
2894787,1812030,writer,,
3871142,1816532,writer,,
3871142,1991955,writer,,(writer)
3871147,1440211,writer,,
"1500,2465542,writer,,(play ""Lluvia de hijos"") (as Abati)"
1688261,2077369,writer,,
3871257,1993429,writer,,
3450,762726,writer,,
3871301,154832,writer,,(1998)
4954,1816193,writer,,
4954,1983555,writer,,
4954,1996497,writer,,(writer)
3871433,27160,writer,,(1995)
3871433,1202346,writer,,(1994)
2895311,2404550,writer,,(writer)
2895311,2467979,writer,,
6736,1814429,writer,,(writer)
6736,1869439,writer,,(screenplay)
6736,1869439,writer,,(story)
6736,2404191,writer,,
6736,253013,writer,,(writer)
7096,1941512,writer,,(screenplay) (as A. Adabashyan)
7096,1941767,writer,,(writer)
1691053,1730152,writer,,(as Esmeralda Adam)
1691053,1801345,writer,,(as Esmeralda Adam)
1691053,2033010,writer,,(as Esmeralda Adam)
1691053,2144959,writer,,(as Esmeralda Adam)
1691053,2465661,writer,,(as Esmeralda Adam)
11086,1987982,writer,,
11086,1987982,writer,,(dialogue)
"3871747,1813383,writer,,(story ""The Lion in Love"")"
12918,1816224,writer,,(writer)
13049,2120648,writer,,
3871863,22600,writer,,
13233,2172605,writer,,
1694590,1749204,writer,,(writer)
13519,1656320,writer,,(as La Cuadrilla)
13519,1958657,writer,,(screenplay) (as La Cuadrilla)
13519,1991692,writer,,(as Cuadlilla Amalilla)
13519,2056804,writer,,(screenplay) (as La Cuadrilla)
13655,1622029,writer,,
13655,2070011,writer,,
3044228,1811859,writer,,(writer)
3871904,2155050,writer,,
2635156,1825696,writer,,
2635156,1845898,writer,,
2635156,2083002,writer,,
1694738,1812284,writer,,(writer)
13780,1620995,writer,,
13780,1715186,writer,,(screenplay)
13780,1741393,writer,,
13780,1810214,writer,,
13780,1814593,writer,,(dialogue)
13780,1819801,writer,,
13780,1826313,writer,,
13780,1830784,writer,,
13780,1991499,writer,,(screenplay)
13780,1991893,writer,,
13780,1993720,writer,,
13780,1997420,writer,,(screenplay)
13780,2003556,writer,,(screenplay)
13780,2024207,writer,,(story and screenplay)
13780,2033383,writer,,
13780,2054035,writer,,
13780,2138463,writer,,(screenplay)
13780,2408962,writer,,
13780,2421115,writer,,(story)
13780,2421701,writer,,(screenplay)
13780,2421701,writer,,(story)
13780,2421705,writer,,
"3871909,2126537,writer,,(book ""Operacion Ogro"")"
"3871913,1713251,writer,,(play ""Quién teme al lobo feroz"")"
3871915,2155050,writer,,(script)
2895941,2387738,writer,,
3871917,1814313,writer,,(script)
13998,2091910,writer,,
15494,1656538,writer,,
15494,1725493,writer,,
2896121,1985106,writer,,(screenplay) (as Federico J. Aicardi)
2862534,2032004,writer,,
2896316,1677693,writer,,(writer)
2765077,1941512,writer,,(screenplay) (as S. Alarcón)
2765077,1941767,writer,,(writer)
3872334,1996535,writer,,
2896581,1992366,writer,,(screenplay)
2896581,1992366,writer,,(story)
2896587,1796150,writer,,
20217,1657181,writer,,(writer)
20217,2089608,writer,,
20217,2243643,writer,,
1698107,2207698,writer,,(as Ángeles Albaladejo)
20256,1656070,writer,,(original screenplay)
20256,1656070,writer,,(screenplay)
20256,1709253,writer,,
20256,1719263,writer,,(writer)
20256,1996050,writer,,(writer)
20256,1999419,writer,,
20256,2050686,writer,,(writer)
20256,2207698,writer,,
"3872355,1667937,writer,,(book ""El barcelonauta"")"
1698152,2098773,writer,,(story) (uncredited)
"3872363,1713251,writer,,(play ""Quién teme al lobo feroz"")"
20573,1827215,writer,,
20573,2424344,writer,,
2896624,1655349,writer,,
2896624,2187963,writer,,
3872384,1923348,writer,,(short story)
3872384,2245124,writer,,(novel) (as Víctor Català)
1698447,1824323,writer,,(writer)
1698447,2144618,writer,,(screenplay)
1698447,2144618,writer,,(story)
20913,1859213,writer,,(poem)
20936,1818685,writer,,
20936,2274115,writer,,(as Adalberto Albertini)
21001,1715893,writer,,(dialogue) (as Eliseo Diego)
21001,1881572,writer,,
3872411,1742548,writer,,
2896680,1768627,writer,,(writer)
21709,1797002,writer,,
3129122,1811713,writer,,(screenplay)
3129122,1811713,writer,,(story)
3129122,2032333,writer,,(screenplay)
3129122,2032333,writer,,(story)
3129122,2033792,writer,,(adaptation)
3129122,2033792,writer,,(screenplay)
3129122,2066319,writer,,
3129122,366865,writer,,(adaptation)
3129122,790360,writer,,(1989)
2635796,1749580,writer,,
2635796,1779148,writer,,
2635796,1789507,writer,,
2635796,1831589,writer,,(writer)
2635796,1989140,writer,,
2635796,2424938,writer,,
2765174,1660690,writer,,(writer)
21954,1650951,writer,,
21954,1711000,writer,,
21954,2032011,writer,,
21954,2089511,writer,,
22009,1810192,writer,,(screenplay)
22009,1810192,writer,,(story)
22009,1997759,writer,,(dialogue)
22009,2146902,writer,,(screenplay)
22009,2146902,writer,,(story)
22009,2274934,writer,,
1699083,2207757,writer,,(writer)
2765194,1994056,writer,,(as Raul Alcantara)
2896756,1743253,writer,,
2896756,1813306,writer,,(writer)
2896756,2105002,writer,,(writer)
22123,1741431,writer,,(screenplay)
22123,1741431,writer,,(story)
22123,2033093,writer,,
3872472,1627912,writer,,(writer)
3872474,1878178,writer,,(novel)
3872474,2033507,writer,,(novel)
3872474,2174969,writer,,(short story)
22761,397423,writer,,(writer)
3872511,2421115,writer,,(poems)
22962,1815727,writer,,(story) (as Julio Alejandro de Castro)
"3872540,1920004,writer,,(novel ""Guzmán de Alfarache"") (uncredited)"
3647949,1726349,writer,,(writer)
23427,1626356,writer,,
3872551,1445905,writer,,(writer)
3872572,24375,writer,,(creator)
3648044,24375,writer,,(creator)
3872614,1651248,writer,,
26383,2105332,writer,,
26418,2467979,writer,,
2897082,2078545,writer,,
2897103,1991101,writer,,
28503,2002156,writer,,(screenplay)
29520,1668389,writer,,
29520,1713355,writer,,
29520,1815548,writer,,
29520,2390961,writer,,(written by)
30351,1637904,writer,,
30351,2235339,writer,,
30424,2180834,writer,,
3872943,1814921,writer,,(novel) (as Marco Antonio Almazán)
2897366,2062622,writer,,
2897373,1998283,writer,,
30839,1688574,writer,,
30839,1715216,writer,,
30839,1815680,writer,,
30839,1822973,writer,,(written by)
30839,1848566,writer,,(writer)
30839,1907356,writer,,
30839,1969146,writer,,(screenplay)
30839,1969146,writer,,(story)
30839,1987531,writer,,
30839,1990599,writer,,
30839,1992318,writer,,(screenplay)
30839,1992318,writer,,(story)
30839,2000343,writer,,(screenplay)
30839,2000343,writer,,(story)
30839,2055855,writer,,(screenplay)
30839,2055855,writer,,(story)
30839,2082736,writer,,
30839,2083038,writer,,(screenplay)
30839,2083038,writer,,(story)
30839,2144984,writer,,(screenplay)
30839,2144984,writer,,(story)
30839,2205411,writer,,(writer)
30839,2215477,writer,,
30839,2223284,writer,,
30839,2274988,writer,,(screenplay)
30839,2274988,writer,,(story)
30839,2384467,writer,,(writer)
30839,2396170,writer,,
30839,2465793,writer,,(as Pedro Almodovar)
30839,2466485,writer,,(screenplay)
30839,2466485,writer,,(story)
"3872974,1651692,writer,,(book ""Obra de agricultura compilada de diversos autores"")"
31123,1665316,writer,,(play)
31123,1665316,writer,,(screenplay)
31123,1989698,writer,,(play) (as Alonso de Santos)
31123,1989698,writer,,(screenplay) (as Alonso de Santos)
31123,441081,writer,,(creator) (as Alonso de Santos)
31129,1713987,writer,,(screenplay)
31129,1723941,writer,,(as Juan Jose Alonso Millan)
31129,1738761,writer,,(dialogue)
31129,1738761,writer,,(screenplay)
31129,1738761,writer,,(story)
31129,1747305,writer,,(screenplay)
31129,1747305,writer,,(story)
31129,1749171,writer,,
31129,1810035,writer,,
31129,1811125,writer,,(play)
31129,1811136,writer,,(screenplay)
31129,1811136,writer,,(story)
31129,1903489,writer,,(dialogue)
31129,1903489,writer,,(screenplay)
31129,1944315,writer,,(writer)
31129,1955516,writer,,(screenplay)
31129,1955516,writer,,(story)
31129,1992507,writer,,(screenplay)
31129,1993289,writer,,(screenplay) (as J.J. Alonso Millán)
31129,1993697,writer,,(screenplay)
31129,1993697,writer,,(story)
31129,1994000,writer,,
31129,1999009,writer,,(screenplay)
31129,1999009,writer,,(story)
31129,2003378,writer,,(screenplay)
31129,2003378,writer,,(story)
